sample,block,patient,sex.x,age,site,type,germlinehit,somatic1,somatic2,KRAS,TP53,SMAD4,FBXW7,PIK3CA,polyp_diam_mm,trapped_in_polyp,group_id,label_id,cohort,coverage,median_vaf_SBS,median_vaf_ID,sbstotal,indeltotal,sensitivitySBS,sbstotal_corr,sensitivityID,indeltotal_corr,RT,CNV,SV,SBS1,SBS5,SBS18,SBS2,SBS13,SBS88,SBS89,SBSC,SBS17b,SBS93,ID1,ID2,ID5,ID18,ID14,IDA,IDB
PD40734a_lo0013,PD40734a,PD40734,Male,23,descending,polyp,APC_gene_deletion,V1414Pfs*3,NA,NA,NA,NA,NA,NA,1.8,NA,PD40734A_PLP_006,PD40734A_PLP_006,fap,22,0.481481481,0.482758621,1614,115,0.993380131,1619.578715,0.980654065,115.7046296,0,0,0,535.9827774,886.1307544,197.4651835,0,0,0,0,0,0,0,21.46373143,10.45599947,29.14066323,0,0,54.64423548,0
PD40734a_lo0014,PD40734a,PD40734,Male,23,descending,polyp,APC_gene_deletion,V1414Pfs*3,NA,NA,NA,NA,NA,NA,1.8,NA,PD40734A_PLP_006,PD40734A_PLP_006,fap,32,0.476190476,0.483870968,2697,195,0.999831947,2697.419866,0.999422649,195.0999405,2,2,0,793.5214133,1248.376049,655.5224045,0,0,0,0,0,0,0,47.67500885,18.51184008,23.59270639,0,0,105.3203852,0
PD40734a_lo0015,PD40734a,PD40734,Male,23,descending,polyp,APC_gene_deletion,V1414Pfs*3,NA,NA,NA,NA,NA,NA,1.8,NA,PD40734A_PLP_006,PD40734A_PLP_006,fap,20,0.47826087,0.463414634,1593,107,0.986010687,1604.518008,0.953848659,108.2632279,1,0,0,532.5475532,888.9411801,183.0292744,0,0,0,0,0,0,0,16.21821902,7.871959879,12.07432424,0,0,72.09872481,0
PD40734a_lo0017,PD40734a,PD40734,Male,23,descending,normal,APC_gene_deletion,NA,NA,NA,NA,NA,NA,NA,NA,PD40734A_PLP_006,normal,PD40734A_PLP-normal_006,fap,8,0.55,0.516129032,651,27,0.639465198,1011.836328,0.395109931,68.33541226,0,0,0,242.8187503,697.742784,71.27479344,0,0,0,0,0,0,0,9.306020298,6.847639482,20.54113359,0,0,31.64061889,0
PD40734a_lo0026,PD40734a,PD40734,Male,23,descending,polyp,APC_gene_deletion,V1414Pfs*3,NA,NA,NA,NA,NA,NA,1.8,NA,PD40734A_PLP_006,PD40734A_PLP_006,fap,24,0.48,0.5,1740,147,0.9966918,1744.756386,0.992397781,147.8962736,2,1,0,559.8527036,944.207115,240.6965675,0,0,0,0,0,0,0,19.8270716,11.20552811,9.606587019,0,0,107.2570869,0
PD40734a_lo0027,PD40734a,PD40734,Male,23,descending,polyp,APC_gene_deletion,V1414Pfs*3,NA,NA,NA,NA,NA,NA,1.8,NA,PD40734A_PLP_006,PD40734A_PLP_006,fap,28,0.448275862,0.462912088,2463,223,0.998496237,2464.583584,0.99612903,223.2027388,1,1,0,879.5064186,1095.341306,489.7358587,0,0,0,0,0,0,0,61.50030398,31.00445323,16.69968355,0,0,113.9982981,0
PD40734a_lo0032,PD40734a,PD40734,Male,23,descending,polyp,APC_gene_deletion,V1414Pfs*3,NA,NA,NA,NA,NA,NA,1.8,NA,PD40734A_PLP_006,PD40734A_PLP_006,fap,29,0.483870968,0.5,2199,205,0.999549463,2199.355482,0.998780108,205.0421932,2,1,1,736.2816914,1091.398232,371.6755586,0,0,0,0,0,0,0,41.6551658,26.24210557,23.14662372,0,0,113.9982981,0
PD40734c_lo0001,PD40734c,PD40734,Male,23,descending,acf,APC_gene_deletion,NA,NA,NA,NA,NA,NA,NA,NA,PD40734C_PLP_007_3,PD40734C_ACF_007,PD40734C_PLP-ACF_007_3,fap,43,0.431372549,0.448979592,1223,85,0.999989684,1223.012039,0.999972067,85.00212312,0,0,0,293.829165,846.1657053,83.0171691,0,0,0,0,0,0,0,8.484540688,8.484458332,10.24314434,0,0,57.78997976,0
PD40734c_lo0003,PD40734c,PD40734,Male,23,descending,polyp,APC_gene_deletion,F1396Lfs*19,NA,NA,NA,NA,NA,NA,1.95,NA,PD40734C_PLP_007_3,PD40734C_PLP_007_3,fap,37,0.484848485,0.490566038,2346,148,0.999980037,2346.046258,0.99992054,148.0114431,1,0,0,635.5402563,1207.951195,502.5548071,0,0,0,0,0,0,0,40.70214651,19.4843677,28.10121259,0,0,59.72371629,0
PD40734c_lo0004,PD40734c,PD40734,Male,23,descending,acf,APC_gene_deletion,NA,NA,NA,NA,NA,NA,NA,NA,PD40734C_PLP_007_3,PD40734C_ACF_007,PD40734C_PLP-ACF_007_3,fap,24,0.4,0.457002457,1039,91,0.986222929,1053.109228,0.98463073,92.35799797,1,0,1,181.7024132,871.4068149,0,0,0,0,0,0,0,0,7.589362466,6.753105277,5.158626876,8.623319313,0,64.23358404,0
PD40734c_lo0005,PD40734c,PD40734,Male,23,descending,polyp,APC_gene_deletion,E1306*,NA,NA,NA,NA,NA,NA,1.95,NA,PD40734C_PLP_007_2,PD40734C_PLP_007_2,fap,34,0.486486486,0.495614035,2065,166,0.999938566,2065.037913,0.999788961,166.007815,2,0,0,562.0572386,1045.488795,457.4918789,0,0,0,0,0,0,0,44.35611139,28.01816131,18.01192675,0,0,75.62161556,0
PD40734c_lo0006,PD40734c,PD40734,Male,23,descending,polyp,APC_gene_deletion,E1306*,NA,NA,NA,NA,NA,NA,1.95,NA,PD40734C_PLP_007_2,PD40734C_PLP_007_2,fap,34,0.482758621,0.5,2130,159,0.999934138,2130.044926,0.999814876,159.0055597,2,0,0,584.8781903,1089.180978,455.9857581,0,0,0,0,0,0,0,36.79395089,29.00031539,0,0,0,93.21129338,0
PD40734c_lo0012,PD40734c,PD40734,Male,23,descending,polyp,APC_gene_deletion,Q1429*,NA,NA,NA,NA,NA,NA,1.95,NA,PD40734C_PLP_007_1,PD40734C_PLP_007_1,fap,40,0.404761905,0.433962264,1568,161,0.999922041,1568.104006,0.99986333,161.0189998,2,0,0,407.3041478,1029.25213,131.5477284,0,0,0,0,0,0,0,23.64964156,12.461592,20.06477011,0,0,104.8429961,0
PD40734c_lo0013,PD40734c,PD40734,Male,23,descending,polyp,APC_gene_deletion,Q1429*,NA,NA,NA,NA,NA,NA,1.95,NA,PD40734C_PLP_007_1,PD40734C_PLP_007_1,fap,39,0.454545455,0.476136364,1264,113,0.999979549,1264.021065,0.999950185,113.0045336,2,0,0,388.3695628,763.3316421,112.3198605,0,0,0,0,0,0,0,14.98818582,7.612980401,5.992415362,0,0,84.41095198,0
PD40734c_lo0018,PD40734c,PD40734,Male,23,descending,acf,APC_gene_deletion,NA,NA,NA,NA,NA,NA,NA,NA,PD40734C_PLP_007_3,PD40734C_ACF_007,PD40734C_PLP-ACF_007_3,fap,34,0.428571429,0.44010043,1200,95,0.999691749,1200.352749,0.999104948,95.07704357,2,0,0,263.4443204,854.3142724,82.59415567,0,0,0,0,0,0,0,11.2930979,9.46042408,34.17329833,0,0,40.15022326,0
PD40734d_lo0004,PD40734d,PD40734,Male,23,descending,normal,APC_gene_deletion,NA,NA,NA,NA,NA,NA,NA,NA,NA,normal,normal,fap,34,0.435897436,0.444444444,1174,76,0.999755092,1174.281721,0.999214116,76.05663699,0,0,0,300.8001558,787.5466343,85.9349307,0,0,0,0,0,0,0,14.25800503,6.966071604,16.14304842,0,0,38.68951194,0
PD40734d_lo0005,PD40734d,PD40734,Male,23,descending,normal,APC_gene_deletion,NA,NA,NA,NA,NA,NA,NA,NA,NA,normal,normal,fap,30,0.409090909,0.413793103,1007,70,0.998172563,1008.799666,0.994397081,70.37188506,0,0,0,197.382043,811.4176234,0,0,0,0,0,0,0,0,4.662247868,0,24.40643115,0,0,41.30320604,0
PD40734d_lo0008,PD40734d,PD40734,Male,23,descending,normal,APC_gene_deletion,NA,NA,NA,NA,NA,NA,NA,NA,NA,normal,normal,fap,28,0.388888889,0.407407407,1157,114,0.994634618,1163.064541,0.988516924,115.2780501,1,0,0,296.6449349,866.4196059,0,0,0,0,0,0,0,0,0,0,8.048895448,0,0,107.2291546,0
PD40734d_lo0009,PD40734d,PD40734,Male,23,descending,normal,APC_gene_deletion,NA,NA,NA,NA,NA,NA,NA,NA,NA,normal,normal,fap,26,0.380952381,0.40525266,1089,80,0.988818261,1100.942763,0.979230222,81.61222225,0,0,0,247.4183734,853.5243892,0,0,0,0,0,0,0,0,7.928177313,4.112589542,18.47304957,0,0,51.09840583,0
PD40734d_lo0027,PD40734d,PD40734,Male,23,descending,normal,APC_gene_deletion,NA,NA,NA,NA,NA,NA,NA,NA,NA,normal,normal,fap,30,0.444444444,0.454545455,1077,63,0.999215545,1077.833764,0.997689935,63.14587106,1,0,0,218.0423628,777.5599086,82.23149283,0,0,0,0,0,0,0,10.00689446,0,17.64934458,0,0,35.48963201,0
PD40734d_lo0028,PD40734d,PD40734,Male,23,descending,normal,APC_gene_deletion,NA,NA,NA,NA,NA,NA,NA,NA,NA,normal,normal,fap,28,0.444444444,0.4375,1383,90,0.99837614,1385.225072,0.993623062,90.57760779,2,0,0,427.0708497,847.1642895,110.9899329,0,0,0,0,0,0,0,8.939042913,11.16169863,27.72300607,0,0,42.75386018,0
PD40734h_lo0015,PD40734h,PD40734,Male,23,caecum,normal,APC_gene_deletion,NA,NA,NA,NA,NA,NA,NA,NA,NA,normal,normal,fap,29,0.414634146,0.406406406,1284,92,0.997797924,1285.482591,0.991306184,92.29123311,0,0,0,335.2316392,811.5784587,138.672493,0,0,0,0,0,0,0,14.30377771,6.303619122,31.13797554,0,0,40.54586073,0
PD40734h_lo0016,PD40734h,PD40734,Male,23,caecum,normal,APC_gene_deletion,NA,NA,NA,NA,NA,NA,NA,NA,NA,normal,normal,fap,29,0.4375,0.45,1324,85,0.998630309,1324.976923,0.996325243,85.09771717,0,0,0,291.4292023,896.8871317,136.660589,0,0,0,0,0,0,0,9.383351398,6.442430339,10.79305926,0,0,58.47887617,0
PD40734h_lo0020,PD40734h,PD40734,Male,23,caecum,acf,APC_gene_deletion,R1450*,NA,NA,NA,NA,NA,NA,NA,NA,PD40734H_ACF_006,PD40734H_ACF_006,fap,35,0.375,0.342857143,1167,79,0.999045612,1167.457616,0.992388868,79.24761206,0,0,0,291.5257407,807.2133821,68.71849368,0,0,0,0,0,0,0,14.46754008,10.06001693,36.99449218,0,0,17.72556288,0
PD40734h_lo0021,PD40734h,PD40734,Male,23,caecum,acf,APC_gene_deletion,R1450*,NA,NA,NA,NA,NA,NA,NA,NA,PD40734H_ACF_006,PD40734H_ACF_006,fap,32,0.389566396,0.382307692,1190,72,0.998420163,1190.793734,0.993612345,72.16290588,0,0,0,287.6463852,863.7549549,39.39239398,0,0,0,0,0,0,0,14.85928584,15.44523963,14.64415523,0,0,27.21422519,0
PD40734i_lo0001,PD40734i,PD40734,Male,23,ascending,normal,APC_gene_deletion,NA,NA,NA,NA,NA,NA,NA,NA,NA,normal,normal,fap,26,0.363636364,0.390598862,1294,94,0.984758088,1302.863714,0.973728696,94.65816969,3,0,0,289.2175264,910.3772607,103.2689274,0,0,0,0,0,0,0,8.396860524,0,12.97978528,0,0,73.28152388,0
PD40734i_lo0003,PD40734i,PD40734,Male,23,ascending,normal,APC_gene_deletion,NA,NA,NA,NA,NA,NA,NA,NA,NA,normal,normal,fap,23,0.36754386,0.382352941,1224,86,0.968733917,1239.843009,0.937419767,86.9196631,1,0,0,297.6572695,836.7647419,105.4209973,0,0,0,0,0,0,0,7.710399327,0,11.91866024,0,0,67.29060353,0
PD40734i_lo0005,PD40734i,PD40734,Male,23,ascending,normal,APC_gene_deletion,NA,NA,NA,NA,NA,NA,NA,NA,NA,normal,normal,fap,25,0.44,0.439512195,1291,78,0.995085151,1297.093127,0.98477374,79.11467366,1,0,0,279.725856,928.5952404,88.77203014,0,0,0,0,0,0,0,11.47317629,5.844629314,12.44807787,0,0,49.34879019,0
PD40734i_lo0007,PD40734i,PD40734,Male,23,ascending,normal,APC_gene_deletion,NA,NA,NA,NA,NA,NA,NA,NA,NA,normal,normal,fap,24,0.40625,0.430952381,1157,94,0.987534241,1170.87599,0.976489157,96.12020062,2,0,0,278.7503464,810.7032394,81.4224042,0,0,0,0,0,0,0,0,0,22.78764581,0,0,73.33255481,0
PD40734i_lo0020,PD40734i,PD40734,Male,23,ascending,normal,APC_gene_deletion,NA,NA,NA,NA,NA,NA,NA,NA,NA,normal,normal,fap,22,0.461538462,0.473684211,1357,81,0.990751578,1369.290139,0.977789056,82.75134126,0,0,0,356.3332323,899.1615905,113.7953164,0,0,0,0,0,0,0,18.25735334,4.676497233,5.99518256,0,0,53.82230812,0
PD40734i_lo0022,PD40734i,PD40734,Male,23,ascending,normal,APC_gene_deletion,NA,NA,NA,NA,NA,NA,NA,NA,NA,normal,normal,fap,23,0.4,0.396969697,1321,68,0.981641487,1344.943973,0.949415407,71.41215208,0,0,1,362.4980699,860.9305229,121.5153805,0,0,0,0,0,0,0,9.772144534,4.522037635,17.96700837,0,0,39.15096154,0
PD40734k_lo0001,PD40734k,PD40734,Male,23,transverse,normal,APC_gene_deletion,NA,NA,NA,NA,NA,NA,NA,NA,NA,normal,normal,fap,36,0.4,0.395348837,1217,51,0.9996587,1217.400155,0.998489046,51.06811555,3,0,0,303.6779262,810.650162,103.0720668,0,0,0,0,0,0,0,9.048762324,0,15.02687882,0,0,26.99247441,0
PD40734k_lo0002,PD40734k,PD40734,Male,23,transverse,normal,APC_gene_deletion,NA,NA,NA,NA,NA,NA,NA,NA,NA,normal,normal,fap,32,0.405405405,0.4,1139,48,0.998909923,1140.19386,0.995644254,48.18376141,3,0,0,277.3768713,790.2181324,72.59885665,0,0,0,0,0,0,0,5.980777737,4.712990718,18.98510558,0,0,18.50488737,0
PD40734k_lo0021,PD40734k,PD40734,Male,23,transverse,normal,APC_gene_deletion,NA,NA,NA,NA,NA,NA,NA,NA,NA,normal,normal,fap,32,0.4,0.461538462,1277,98,0.998777033,1278.528142,0.99898715,98.09631908,0,0,0,283.5326837,869.8776414,125.1178168,0,0,0,0,0,0,0,7.039357992,0,7.228505464,0,0,83.82845562,0
PD40734k_lo0022,PD40734k,PD40734,Male,23,transverse,normal,APC_gene_deletion,NA,NA,NA,NA,NA,NA,NA,NA,NA,normal,normal,fap,34,0.423659674,0.447368421,1284,98,0.999662579,1284.423616,0.999277893,98.06865045,1,0,0,388.8230164,782.7911032,112.8094964,0,0,0,0,0,0,0,16.76592025,8.27281392,22.84397816,0,0,50.18593812,0
PD40734l_lo0011,PD40734l,PD40734,Male,23,rectum,normal,APC_gene_deletion,NA,NA,NA,NA,NA,NA,NA,NA,NA,normal,normal,fap,24,0.409090909,0.43902439,1181,84,0.98836681,1194.900504,0.979678649,85.7009157,0,0,0,294.4826812,900.4178232,0,0,0,0,0,0,0,0,15.79363605,0,15.21304437,0,0,54.69423528,0
PD40734l_lo0019,PD40734l,PD40734,Male,23,rectum,normal,APC_gene_deletion,NA,NA,NA,NA,NA,NA,NA,NA,NA,normal,normal,fap,32,0.382352941,0.428571429,1475,114,0.998082963,1477.775474,0.997762686,114.2466639,0,0,0,441.0316919,948.647565,88.09621725,0,0,0,0,0,0,0,8.297737859,0,10.17509895,0,0,95.77382709,0
PD40734l_lo0020,PD40734l,PD40734,Male,23,rectum,normal,APC_gene_deletion,NA,NA,NA,NA,NA,NA,NA,NA,NA,normal,normal,fap,30,0.450806452,0.470588235,1310,112,0.999301229,1310.895087,0.998332134,112.1804379,0,0,0,322.7955308,879.3424909,108.7570649,0,0,0,0,0,0,0,7.009681376,0,7.973188536,0,0,97.19756797,0
PD40734l_lo0025,PD40734l,PD40734,Male,23,rectum,normal,APC_gene_deletion,NA,NA,NA,NA,NA,NA,NA,NA,NA,normal,normal,fap,29,0.28,0.381196581,1413,79,0.960971195,1469.169758,0.985494467,80.08929799,1,0,0,337.1665269,1132.003231,0,0,0,0,0,0,0,0,4.722522175,11.3712603,12.35103531,0,0,51.6444802,0
PD40734l_lo0026,PD40734l,PD40734,Male,23,rectum,normal,APC_gene_deletion,NA,NA,NA,NA,NA,NA,NA,NA,NA,normal,normal,fap,31,0.435340022,0.445626478,1280,93,0.999300544,1280.875642,0.997955199,93.18040014,0,0,0,293.630687,987.2449553,0,0,0,0,0,0,0,0,7.628819199,0,18.01443653,8.928148845,0,58.60899556,0
PD40734p_lo0004,PD40734p,PD40734,Male,23,descending,acf,APC_gene_deletion,NA,NA,NA,NA,NA,NA,NA,NA,PD40734P_PLP_003,PD40734P_ACF_003,PD40734P_PLP-ACF_003,fap,22,0.476190476,0.5,1241,114,0.992672893,1243.151845,0.984817589,114.2915799,2,0,0,324.7890096,791.317266,127.0455689,0,0,0,0,0,0,0,14.71798346,0,18.82473479,0,0,80.74886169,0
PD40734p_lo0005,PD40734p,PD40734,Male,23,descending,acf,APC_gene_deletion,NA,NA,NA,NA,NA,NA,NA,NA,PD40734P_PLP_003,PD40734P_ACF_003,PD40734P_PLP-ACF_003,fap,22,0.402702703,0.45034965,1261,106,0.976508023,1268.118814,0.968873135,106.3019314,1,0,0,300.6257679,846.7684226,120.7246235,0,0,0,0,0,0,0,13.68911051,0,17.50877595,0,0,75.10404494,0
PD40734p_lo0006,PD40734p,PD40734,Male,23,descending,polyp,APC_gene_deletion,NA,NA,NA,NA,NA,NA,NA,2.3,NA,PD40734P_PLP_003,PD40734P_PLP_003,fap,36,0.419677419,0.432327001,2690,233,0.999802295,2690.089777,0.999432959,233.0090793,4,0,0,744.2180394,1007.601122,938.2706152,0,0,0,0,0,0,0,64.76338878,38.08393294,27.80028912,0,0,102.3614684,0
PD40734p_lo0007,PD40734p,PD40734,Male,23,descending,polyp,APC_gene_deletion,NA,NA,NA,NA,NA,NA,NA,2.3,NA,PD40734P_PLP_003,PD40734P_PLP_003,fap,42,0.467741935,0.464285714,2667,244,0.999996138,2667.001666,0.99997643,244.0006379,4,0,0,722.8887343,997.9995876,946.113344,0,0,0,0,0,0,0,69.915292,41.45950659,30.26437086,0,0,102.3614684,0
PD40734p_lo0009,PD40734p,PD40734,Male,23,descending,polyp,APC_gene_deletion,NA,NA,NA,NA,NA,NA,NA,2.3,NA,PD40734P_PLP_003,PD40734P_PLP_003,fap,44,0.464026915,0.481125356,2577,238,0.999997613,2577.003566,0.99999305,238.0006046,4,0,0,728.8469261,1063.008422,785.1482179,0,0,0,0,0,0,0,68.47451561,30.06226658,37.10235402,0,0,102.3614684,0
PD40734p_lo0011,PD40734p,PD40734,Male,23,descending,polyp,APC_gene_deletion,NA,NA,NA,NA,NA,NA,NA,2.3,NA,PD40734P_PLP_003,PD40734P_PLP_003,fap,45,0.479166667,0.488888889,2722,238,0.99999929,2722.001164,0.999997104,238.000252,5,0,0,764.4171595,1114.285314,843.2986911,0,0,0,0,0,0,0,70.98634134,29.70297451,34.94946773,0,0,102.3614684,0
PD40734p_lo0018,PD40734p,PD40734,Male,23,descending,acf,APC_gene_deletion,NA,NA,NA,NA,NA,NA,NA,NA,NA,PD40734P_ACF_004,PD40734P_ACF-BC_004,fap,21,0.454545455,0.489361702,1073,102,0.985728187,1088.520895,0.975761446,104.4840655,2,0,0,267.52943,707.9096016,113.0818636,0,0,0,0,0,0,0,7.624429128,0,11.71580963,0,0,85.14382679,0
PD40734p_lo0022,PD40734p,PD40734,Male,23,descending,acf,APC_gene_deletion,NA,NA,NA,NA,NA,NA,NA,NA,NA,PD40734P_ACF_004,PD40734P_ACF-BC_004,fap,16,0.473684211,0.509803922,1038,73,0.94394105,1089.346795,0.909223588,78.79220616,1,0,0,270.0246476,746.9256296,72.39651771,0,0,0,0,0,0,0,14.46365785,0,8.79344331,0,0,55.535105,0
PD40734p_lo0023,PD40734p,PD40734,Male,23,descending,acf,APC_gene_deletion,NA,NA,NA,NA,NA,NA,NA,NA,NA,PD40734P_ACF_004,PD40734P_ACF-BC_004,fap,13,0.466666667,0.563502674,1047,56,0.854290702,1192.934102,0.854196896,62.85811591,1,0,0,391.8267343,687.5089805,113.5983874,0,0,0,0,0,0,0,6.185552418,6.405319394,0,0,0,50.2672441,0
PD40734q_lo0002,PD40734q,PD40734,Male,23,ascending,acf,APC_gene_deletion,NA,NA,NA,NA,NA,NA,NA,NA,NA,PD40734Q_ACF_004,PD40734Q_ACF_004,fap,44,0.411764706,0.418550369,1628,121,0.999984182,1628.025104,0.999939502,121.0071392,0,0,0,546.0877899,870.8089951,211.1283188,0,0,0,0,0,0,0,11.02716745,8.132973748,11.60391128,0,0,90.24308673,0
PD40734q_lo0003,PD40734q,PD40734,Male,23,ascending,acf,APC_gene_deletion,NA,NA,NA,NA,NA,NA,NA,NA,NA,PD40734Q_ACF_004,PD40734Q_ACF_004,fap,37,0.432432432,0.433399043,1458,110,0.999907581,1458.131894,0.999611976,110.0419228,1,0,0,435.8811385,920.3132038,101.9375521,0,0,0,0,0,0,0,16.42681375,0,25.62310135,0,0,67.9920077,0
PD40734q_lo0004,PD40734q,PD40734,Male,23,ascending,acf,APC_gene_deletion,NA,NA,NA,NA,NA,NA,NA,NA,NA,PD40734Q_ACF_004,PD40734Q_ACF_004,fap,36,0.4375,0.432432432,1957,160,0.999887224,1957.216103,0.999447935,160.0867221,2,0,0,641.27864,1078.597172,237.3402914,0,0,0,0,0,0,0,25.13836518,0,23.5015928,0,0,111.4467641,0
PD40734q_lo0027,PD40734q,PD40734,Male,23,ascending,polyp,APC_gene_deletion,S1539*,*177*,NA,NA,NA,NA,NA,1.4,NA,PD40734Q_PLP_008,PD40734Q_PLP_008,fap,25,0.457142857,0.471960168,1790,175,0.996416869,1790.291454,0.991196545,175.0535079,0,0,0,531.331817,1029.348434,229.6112024,0,0,0,0,0,0,0,39.30789505,10.11711198,32.36317112,0,0,93.26532971,0
PD40734q_lo0028,PD40734q,PD40734,Male,23,ascending,polyp,APC_gene_deletion,S1539*,*177*,NA,NA,NA,NA,NA,1.4,NA,PD40734Q_PLP_008,PD40734Q_PLP_008,fap,36,0.47826087,0.471143174,1791,176,0.999964956,1791.00305,0.999805029,176.001583,0,0,0,530.0652028,1015.332022,245.6058259,0,0,0,0,0,0,0,39.54469563,10.18920165,32.56661579,0,0,93.70106998,0
PD40734q_lo0030,PD40734q,PD40734,Male,23,ascending,polyp,APC_gene_deletion,S1539*,NA,NA,NA,NA,NA,NA,1.4,NA,PD40734Q_PLP_008,PD40734Q_PLP_008,fap,40,0.43902439,0.466666667,1318,120,0.999975278,1318.025093,0.999951795,120.0037602,0,0,0,300.0994755,890.4369973,127.4886202,0,0,0,0,0,0,0,6.075142132,0,30.09554334,0,0,83.83307469,0
PD42778c_lo0003,PD42778c,PD42778,Male,44,caecum,normal,APC_ESS,NA,NA,NA,NA,NA,NA,NA,NA,NA,normal,normal,fap,30,0.451612903,0.452380952,1596,84,0.999327293,1597.042724,0.997533731,84.20273406,0,0,0,487.9939061,915.2032933,193.8455246,0,0,0,0,0,0,0,25.20128237,0,59.00145169,0,0,0,0
PD42778c_lo0004,PD42778c,PD42778,Male,44,caecum,normal,APC_ESS,NA,NA,NA,NA,NA,NA,NA,NA,NA,normal,normal,fap,28,0.47826087,0.475924499,1491,78,0.999241072,1492.070142,0.997079207,78.20505444,1,0,0,415.6100828,927.680505,148.7795547,0,0,0,0,0,0,0,14.35501725,6.158865725,57.69117146,0,0,0,0
PD42778c_lo0005,PD42778c,PD42778,Male,44,caecum,normal,APC_ESS,NA,NA,NA,NA,NA,NA,NA,NA,NA,normal,normal,fap,29,0.481481481,0.5,1745,87,0.999503712,1745.736382,0.998733307,87.08499251,0,0,0,631.8780096,911.4085867,202.4497855,0,0,0,0,0,0,0,22.72144132,11.61031228,52.75323892,0,0,0,0
PD42778c_lo0006,PD42778c,PD42778,Male,44,caecum,normal,APC_ESS,NA,NA,NA,NA,NA,NA,NA,NA,NA,normal,normal,fap,33,0.448275862,0.444444444,1735,93,0.999755515,1735.360237,0.998918862,93.07902496,0,0,0,595.5240362,958.2956,181.5406007,0,0,0,0,0,0,0,20.80091353,9.448084666,62.83002676,0,0,0,0
PD42778c_lo0007,PD42778c,PD42778,Male,44,caecum,normal,APC_ESS,NA,NA,NA,NA,NA,NA,NA,NA,NA,normal,normal,fap,35,0.480769231,0.491933385,2035,100,0.999951932,2035.096574,0.999841947,100.0156497,0,0,0,747.3282775,1014.351245,273.417051,0,0,0,0,0,0,0,25.25358764,12.69820179,62.06386032,0,0,0,0
PD42778c_lo0042,PD42778c,PD42778,Male,44,caecum,acf,APC_ESS,W157*,NA,NA,NA,NA,NA,NA,NA,NA,PD42778C_ACF_003,PD42778C_ACF-BC_003,fap,31,0.387096774,0.382352941,1758,101,0.997719513,1758.345144,0.991597342,101.0339075,2,0,0,575.817657,663.3475574,253.4745032,0,0,0,0,265.7054268,0,0,40.30448625,2.804494165,57.92492708,0,0,0,0
PD42778c_lo0043,PD42778c,PD42778,Male,44,caecum,acf,APC_ESS,W157*,NA,NA,NA,NA,NA,NA,NA,NA,PD42778C_ACF_003,PD42778C_ACF-BC_003,fap,28,0.432882883,0.433035714,1724,103,0.997887305,1724.076423,0.992975556,103.0002433,2,0,0,559.1569196,621.954861,277.2592161,0,0,0,0,265.7054268,0,0,41.03473349,2.938884909,59.02662493,0,0,0,0
PD42778c_lo0044,PD42778c,PD42778,Male,44,caecum,acf,APC_ESS,W157*,NA,NA,NA,NA,NA,NA,NA,NA,PD42778C_ACF_003,PD42778C_ACF-BC_003,fap,28,0.458333333,0.444444444,1702,103,0.998821248,1702.016727,0.994512868,103.0002433,2,0,0,552.4020994,613.7095235,270.1996779,0,0,0,0,265.7054268,0,0,41.03473349,2.938884909,59.02662493,0,0,0,0
PD42778c_lo0045,PD42778c,PD42778,Male,44,caecum,acf,APC_ESS,W157*,NA,NA,NA,NA,NA,NA,NA,NA,PD42778C_ACF_003,PD42778C_ACF_003,fap,28,0.432432432,0.464285714,1672,87,0.997903911,1673.516555,0.996282396,87.10074992,1,0,0,555.8372086,650.0822933,201.8916268,0,0,0,0,265.7054268,0,0,36.38711373,0,50.71363619,0,0,0,0
PD42778c_lo0046,PD42778c,PD42778,Male,44,caecum,acf,APC_ESS,NA,NA,NA,NA,NA,NA,NA,NA,NA,PD42778C_ACF_003,PD42778C_ACF_003,fap,31,0.4375,0.459459459,1753,83,0.999334764,1754.148296,0.998504576,83.11831546,0,0,0,537.8421514,963.8794832,252.4266618,0,0,0,0,0,0,0,15.93473677,8.945414546,58.23816415,0,0,0,0
PD42778c_lo0047,PD42778c,PD42778,Male,44,caecum,acf,APC_ESS,R213*,NA,NA,NA,NA,NA,NA,NA,NA,PD42778C_ACF_001,PD42778C_ACF-BC_001,fap,27,0.458333333,0.478095238,2137,125,0.998316353,2137.086014,0.996066519,125.0039537,2,0,0,743.0095222,1019.487851,374.588641,0,0,0,0,0,0,0,57.22191301,19.27834462,48.50369609,0,0,0,0
PD42778c_lo0048,PD42778c,PD42778,Male,44,caecum,acf,APC_ESS,R213*,NA,NA,NA,NA,NA,NA,NA,NA,PD42778C_ACF_001,PD42778C_ACF-BC_001,fap,26,0.5,0.488372093,2186,131,0.998932522,2186.095164,0.99529958,131.033063,3,0,0,769.9284157,1017.887493,398.2792557,0,0,0,0,0,0,0,59.98180306,20.20816519,50.84309479,0,0,0,0
PD42778c_lo0049,PD42778c,PD42778,Male,44,caecum,acf,APC_ESS,R213*,NA,NA,NA,NA,NA,NA,NA,NA,PD42778C_ACF_001,PD42778C_ACF-BC_001,fap,23,0.482758621,0.476190476,2185,127,0.995412523,2185.405615,0.984266035,127.0479611,3,0,0,760.1135849,1033.285086,392.006944,0,0,0,0,0,0,0,58.15757953,19.59357529,49.29680633,0,0,0,0
PD42778c_lo0050,PD42778c,PD42778,Male,44,caecum,acf,APC_ESS,R213*,NA,NA,NA,NA,NA,NA,NA,NA,PD42778C_ACF_001,PD42778C_ACF-BC_001,fap,23,0.4,0.375369458,2139,129,0.981514008,2146.929181,0.931199331,130.477679,2,0,0,744.8657885,1051.515305,350.5480881,0,0,0,0,0,0,0,59.72757001,20.12251282,50.62759617,0,0,0,0
PD42778d_lo0003,PD42778d,PD42778,Male,44,ascending,acf,APC_ESS,NA,NA,NA,NA,NA,NA,NA,NA,PD42778D_PLP_002,PD42778D_ACF_003,PD42778D_PLP-ACF_002,fap,30,0.486486486,0.5,1751,86,0.999704181,1751.511327,0.999136729,86.06739333,0,0,0,582.3417045,987.2367387,181.9328835,0,0,0,0,0,0,0,24.10841162,10.84958729,51.10939441,0,0,0,0
PD42778d_lo0004,PD42778d,PD42778,Male,44,ascending,acf,APC_ESS,NA,NA,NA,NA,NA,NA,NA,NA,PD42778D_PLP_002,PD42778D_ACF_003,PD42778D_PLP-ACF_002,fap,33,0.466666667,0.483870968,1989,96,0.999846742,1989.304876,0.99958847,96.03787635,0,0,0,693.8921731,1018.26105,277.1516529,0,0,0,0,0,0,0,39.91435302,6.915256397,49.20826693,0,0,0,0
PD42778d_lo0013,PD42778d,PD42778,Male,44,ascending,polyp,APC_ESS,E1408*,L304Qfs*31,NA,NA,NA,R479Q,E542K,4.8,NA,PD42778D_PLP_002,PD42778D_PLP_002,fap,30,0.5,0.483870968,9331,876,0.999788539,9331.10854,0.998765011,876.0619109,45,1,3,2077.024863,3396.048262,1934.239829,0,0,0,0,0,0,1923.795587,285.239863,300.7708267,115.9692659,0,174.0819554,0,0
PD42778d_lo0014,PD42778d,PD42778,Male,44,ascending,polyp,APC_ESS,E1408*,L304Qfs*31,NA,NA,NA,R479Q,E542K,4.8,NA,PD42778D_PLP_002,PD42778D_PLP_002,fap,33,0.5,0.5,9456,873,0.999938437,9456.039317,0.999727582,873.0128922,41,1,3,2066.222988,3496.902686,1969.118056,0,0,0,0,0,0,1923.795587,275.376117,303.6851708,110.177011,0,183.7745934,0,0
PD42778d_lo0024,PD42778d,PD42778,Male,44,ascending,polyp,APC_ESS,E1408*,L304Qfs*31,NA,NA,NA,R479Q,E542K,4.8,NA,PD42778D_PLP_002,PD42778D_PLP_002,fap,33,0.485714286,0.482120051,9844,854,0.999906906,9844.364125,0.999569141,854.1211236,52,0,2,2267.757628,3419.678805,1903.329754,0,0,0,0,0,0,2253.597939,269.3203945,243.474606,135.5448969,0,205.7812262,0,0
PD42778d_lo0025,PD42778d,PD42778,Male,44,ascending,polyp,APC_ESS,E1408*,L304Qfs*31,NA,NA,NA,R479Q,E542K,4.8,NA,PD42778D_PLP_002,PD42778D_PLP_002,fap,34,0.475,0.476190476,9414,885,0.999916958,9414.043698,0.999650675,885.0112044,35,0,0,2194.956307,3529.956331,1995.498333,0,0,0,0,0,0,1693.632726,292.4586532,298.5732974,119.0550817,0,174.9241721,0,0
PD42778d_lo0026,PD42778d,PD42778,Male,44,ascending,polyp,APC_ESS,E1408*,L304Qfs*31,NA,NA,NA,R479Q,E542K,4.8,NA,PD42778D_PLP_002,PD42778D_PLP_002,fap,35,0.475,0.48,9457,885,0.999943417,9457.032212,0.99978052,885.007047,43,0,1,2230.643488,3552.332102,1980.423895,0,0,0,0,0,0,1693.632726,290.9768394,290.8951435,118.2647625,0,184.8703016,0,0
PD42778d_lo0035,PD42778d,PD42778,Male,44,ascending,acf,APC_ESS,NA,NA,NA,NA,NA,NA,NA,NA,NA,PD42778D_ACF_001,PD42778D_ACF_001,fap,31,0.34375,0.361063465,1886,78,0.993635388,1897.920736,0.986741754,78.96820901,1,0,0,666.4413463,974.044184,257.435206,0,0,0,0,0,0,0,21.80884007,8.04248864,49.1168803,0,0,0,0
PD42778d_lo0036,PD42778d,PD42778,Male,44,ascending,acf,APC_ESS,NA,NA,NA,NA,NA,NA,NA,NA,NA,PD42778D_ACF_001,PD42778D_ACF_001,fap,33,0.294117647,0.302173913,1875,68,0.987216451,1898.956132,0.970256015,69.90144933,2,0,0,632.8751775,1043.467066,222.6138887,0,0,0,0,0,0,0,20.97836916,7.74361798,41.17946218,0,0,0,0
PD42778d_lo0049,PD42778d,PD42778,Male,44,ascending,acf,APC_ESS,R1114*,NA,NA,NA,NA,NA,NA,NA,NA,PD42778D_ACF_007_2,PD42778D_ACF-BC_007_2,fap,28,0.458333333,0.483164983,2368,132,0.998793822,2368.313488,0.997430602,132.0306232,6,0,0,893.5902358,1060.147096,414.5761568,0,0,0,0,0,0,0,68.05962311,13.84912711,50.12187301,0,0,0,0
PD42778d_lo0050,PD42778d,PD42778,Male,44,ascending,acf,APC_ESS,R1114*,NA,NA,NA,NA,NA,NA,NA,NA,PD42778D_ACF_007_2,PD42778D_ACF-BC_007_2,fap,18,0.444444444,0.457002457,2222,124,0.957690891,2224.277762,0.912742414,124.0281495,3,0,0,826.6841688,999.1834937,398.4100996,0,0,0,0,0,0,0,63.93447899,13.00972127,47.0839492,0,0,0,0
PD42778d_lo0051,PD42778d,PD42778,Male,44,ascending,acf,APC_ESS,R1114*,NA,NA,NA,NA,NA,NA,NA,NA,PD42778D_ACF_007_2,PD42778D_ACF-BC_007_2,fap,22,0.351470588,0.351351351,2203,123,0.949535575,2206.49025,0.884226592,123.0074391,4,0,0,865.4366487,945.5447079,395.5088936,0,0,0,0,0,0,0,63.40831951,12.90265559,46.69646397,0,0,0,0
PD42778d_lo0054,PD42778d,PD42778,Male,44,ascending,acf,APC_ESS,N659Qfs*14,NA,NA,NA,NA,NA,NA,NA,NA,PD42778D_ACF_007_1,PD42778D_ACF_007_1,fap,29,0.466666667,0.461538462,2450,116,0.999325495,2450.786359,0.997219287,116.1348418,4,0,0,886.5692903,1054.231521,509.9855477,0,0,0,0,0,0,0,35.91707508,25.47044208,54.74732464,0,0,0,0
PD42778d_lo0055,PD42778d,PD42778,Male,44,ascending,acf,APC_ESS,N659Qfs*14,NA,NA,NA,NA,NA,NA,NA,NA,PD42778D_ACF_007_1,PD42778D_ACF_007_1,fap,23,0.45,0.454545455,2528,113,0.991921636,2538.048523,0.978071726,113.9902596,2,0,0,930.1270761,1093.659694,514.2617531,0,0,0,0,0,0,0,35.35037239,23.21420166,55.42568559,0,0,0,0
PD42778d_lo0056,PD42778d,PD42778,Male,44,ascending,acf,APC_ESS,NA,NA,NA,NA,NA,NA,NA,NA,NA,PD42778D_ACF_007_1,PD42778D_ACF_007_1,fap,23,0.44,0.444556452,1628,63,0.990493823,1643.13512,0.974637446,64.45726603,6,0,1,513.347559,928.2899877,201.497573,0,0,0,0,0,0,0,18.29982669,4.363430221,35.2572051,6.536804019,0,0,0
PD42778d_lo0057,PD42778d,PD42778,Male,44,ascending,acf,APC_ESS,NA,NA,NA,NA,NA,NA,NA,NA,NA,PD42778D_ACF_007_1,PD42778D_ACF_007_1,fap,32,0.428571429,0.461538462,1824,74,0.999397191,1825.078474,0.998972132,74.07099585,2,0,0,620.6718611,992.6128666,211.7937467,0,0,0,0,0,0,0,10.82093328,8.95759468,25.08593962,0,0,0,29.20652827
PD42778d_lo0075,PD42778d,PD42778,Male,44,ascending,acf,APC_ESS,NA,NA,NA,NA,NA,NA,NA,NA,NA,PD42778D_ACF_007_2,PD42778D_ACF_007_2,fap,19,0.470588235,0.516756757,1780,66,0.97817454,1818.845956,0.967587919,68.04336671,1,0,0,604.9788252,992.3448551,221.5222758,0,0,0,0,0,0,0,17.88001592,0,44.24117327,5.922177517,0,0,0
PD42778d_lo0078,PD42778d,PD42778,Male,44,ascending,acf,APC_ESS,R1114*,NA,NA,NA,NA,NA,NA,NA,NA,PD42778D_ACF_007_2,PD42778D_ACF-BC_007_2,fap,25,0.472222222,0.461538462,2471,139,0.997358234,2472.759068,0.989554324,139.316892,3,0,0,942.268523,1080.709161,449.781384,0,0,0,0,0,0,0,71.81557526,14.61340784,52.88790885,0,0,0,0
PD42778d_lo0079,PD42778d,PD42778,Male,44,ascending,acf,APC_ESS,R1114*,NA,NA,NA,NA,NA,NA,NA,NA,PD42778D_ACF_007_2,PD42778D_ACF-BC_007_2,fap,21,0.47826087,0.5,2247,124,0.989898533,2247.902138,0.978696208,124.0281495,2,0,0,833.8232642,1013.66732,400.4115536,0,0,0,0,0,0,0,63.93447899,13.00972127,47.0839492,0,0,0,0
PD42778d_lo0080,PD42778d,PD42778,Male,44,ascending,acf,APC_ESS,R1114*,NA,NA,NA,NA,NA,NA,NA,NA,PD42778D_ACF_007_2,PD42778D_ACF_007_2,fap,30,0.428571429,0.43902439,2327,95,0.998834444,2329.438854,0.99671702,95.25691587,1,0,0,904.2682658,1020.960505,404.2100834,0,0,0,0,0,0,0,30.07800936,9.716716675,55.46218983,0,0,0,0
PD42778d_lo0081,PD42778d,PD42778,Male,44,ascending,acf,APC_ESS,R1114*,NA,NA,NA,NA,NA,NA,NA,NA,PD42778D_ACF_007_2,PD42778D_ACF-BC_007_2,fap,26,0.5,0.5,2284,118,0.998931661,2284.15976,0.996222122,118.0227903,3,0,0,807.2809367,1061.196558,415.6822653,0,0,0,0,0,0,0,55.32275627,7.342530648,55.3575034,0,0,0,0
PD42778d_lo0082,PD42778d,PD42778,Male,44,ascending,acf,APC_ESS,R1114*,NA,NA,NA,NA,NA,NA,NA,NA,PD42778D_ACF_007_2,PD42778D_ACF-BC_007_2,fap,31,0.464285714,0.472794118,2185,122,0.999657328,2185.110379,0.998901836,122.0142924,4,0,0,792.5959423,1021.266345,371.2480915,0,0,0,0,0,0,0,56.92183288,7.342530648,57.74992882,0,0,0,0
PD42778d_lo0083,PD42778d,PD42778,Male,44,ascending,acf,APC_ESS,R1114*,NA,NA,NA,NA,NA,NA,NA,NA,PD42778D_ACF_007_2,PD42778D_ACF-BC_007_2,fap,29,0.434782609,0.454545455,2143,112,0.998599634,2143.011626,0.996773288,112.0000371,5,0,0,769.4334575,986.2737682,387.3044002,0,0,0,0,0,0,0,52.90991925,7.342530648,51.74758719,0,0,0,0
PD42778d_lo0084,PD42778d,PD42778,Male,44,ascending,acf,APC_ESS,NA,NA,NA,NA,NA,NA,NA,NA,NA,PD42778D_ACF_007_2,PD42778D_ACF_007_2,fap,25,0.45,0.466880342,1813,82,0.99594346,1820.237834,0.990490497,82.7392617,0,0,0,598.2091203,969.9591412,252.0695726,0,0,0,0,0,0,0,20.50450534,4.412996257,57.82176011,0,0,0,0
PD42778d_lo0097,PD42778d,PD42778,Male,44,ascending,acf,APC_ESS,R232*,NA,NA,NA,NA,NA,NA,NA,PD42778D_PLP_002,PD42778D_ACF_004,PD42778D_PLP-ACF_002,fap,38,0.454545455,0.454165672,1878,104,0.999967715,1878.024667,0.999849718,104.0060122,1,0,0,584.7162834,1086.500387,206.8079968,0,0,0,0,0,0,0,29.54196349,16.37930796,52.24250487,5.842235855,0,0,0
PD42778d_lo0098,PD42778d,PD42778,Male,44,ascending,acf,APC_ESS,R232*,NA,NA,NA,NA,NA,NA,NA,PD42778D_PLP_002,PD42778D_ACF_004,PD42778D_PLP-ACF_002,fap,42,0.461538462,0.486060161,1899,100,0.999995108,1899.003419,0.999989067,100.0003389,1,0,0,614.0680532,1077.253151,207.6822155,0,0,0,0,0,0,0,31.40373165,16.2907563,48.73192029,3.573930695,0,0,0
PD42778d_lo0101,PD42778d,PD42778,Male,44,ascending,acf,APC_ESS,R232*,NA,NA,NA,NA,NA,NA,NA,PD42778D_PLP_002,PD42778D_ACF_004,PD42778D_PLP-ACF_002,fap,45,0.416666667,0.415650407,2029,94,0.999990664,2029.00774,0.999951296,94.00121767,4,0,0,712.4877214,1051.479052,265.0409667,0,0,0,0,0,0,0,31.52621492,18.14549511,44.32950764,0,0,0,0
PD42778d_lo0104,PD42778d,PD42778,Male,44,ascending,acf,APC_ESS,NA,NA,NA,NA,NA,NA,NA,NA,PD42778D_PLP_002,PD42778D_ACF_005,PD42778D_PLP-ACF_002,fap,33,0.486486486,0.444444444,1873,84,0.999908863,1873.169348,0.998879964,84.08970338,0,0,0,646.9699535,945.247391,280.9520038,0,0,0,0,0,0,0,19.87075719,9.643893519,54.57505267,0,0,0,0
PD42778d_lo0108,PD42778d,PD42778,Male,44,ascending,acf,APC_ESS,NA,NA,NA,NA,NA,NA,NA,NA,PD42778D_PLP_002,PD42778D_ACF_003,PD42778D_PLP-ACF_002,fap,47,0.483870968,0.488888889,2335,126,0.999999746,2335.000588,0.999998703,126.000153,2,0,0,893.8491846,1121.938913,319.2124905,0,0,0,0,0,0,0,50.57910864,10.7444756,64.67656877,0,0,0,0
PD42778d_lo0140,PD42778d,PD42778,Male,44,ascending,polyp,APC_ESS,E1309Dfs*4,NA,NA,NA,NA,NA,NA,2.3,NA,PD42778D_PLP_004,PD42778D_PLP_004,fap,40,0.476190476,0.482758621,3465,240,0.999992465,3465.001359,0.999969359,240.0004922,5,0,0,1265.046349,1359.24687,840.7081401,0,0,0,0,0,0,0,88.59553615,55.8756345,95.5293215,0,0,0,0
PD42778d_lo0141,PD42778d,PD42778,Male,44,ascending,polyp,APC_ESS,E1309Dfs*4,NA,NA,NA,NA,NA,NA,2.3,NA,PD42778D_PLP_004,PD42778D_PLP_004,fap,33,0.486486486,0.5,3394,228,0.999907607,3394.010074,0.999719723,228.0011233,5,0,0,1247.666663,1320.317566,826.0258452,0,0,0,0,0,0,0,84.16600142,53.08200545,90.75311645,0,0,0,0
PD42778d_lo0160,PD42778d,PD42778,Male,44,ascending,polyp,APC_ESS,Chr5LOH,NA,NA,NA,NA,NA,NA,2.1,NA,PD42778D_PLP_003_1,PD42778D_PLP_003_1,fap,37,0.45972973,0.454545455,2757,152,0.99996119,2757.09765,0.999793064,152.0275284,4,1,4,985.6370779,1236.530946,534.929626,0,0,0,0,0,0,0,62.15685478,15.95055709,73.92011658,0,0,0,0
PD42778d_lo0161,PD42778d,PD42778,Male,44,ascending,polyp,APC_ESS,Chr5LOH,NA,NA,NA,NA,NA,NA,2.1,NA,PD42778D_PLP_003_1,PD42778D_PLP_003_1,fap,40,0.43902439,0.447542186,2318,125,0.999974708,2318.052533,0.99990914,125.0096323,3,1,4,820.8803252,1177.050129,320.1220793,0,0,0,0,0,0,0,22.94832543,18.15564705,83.90565987,0,0,0,0
PD42778d_lo0172,PD42778d,PD42778,Male,44,ascending,polyp,APC_ESS,Chr5CNNLOH,NA,NA,NA,NA,NA,NA,2.1,NA,PD42778D_PLP_003_2,PD42778D_PLP_003_2,fap,42,0.4,0.405279503,2411,149,0.999953119,2411.032912,0.999822249,149.0083562,1,1,0,862.0648683,1147.030473,401.9375711,0,0,0,0,0,0,0,51.44968063,16.32572119,67.86239988,0,0,13.3705545,0
PD42778d_lo0173,PD42778d,PD42778,Male,44,ascending,polyp,APC_ESS,Chr5CNNLOH,NA,NA,NA,NA,NA,NA,2.1,NA,PD42778D_PLP_003_2,PD42778D_PLP_003_2,fap,42,0.466666667,0.465116279,2676,181,0.999995658,2676.004199,0.999975903,181.0019041,3,1,0,908.0360377,1246.090569,521.8775925,0,0,0,0,0,0,0,71.55078984,30.71198794,65.36857186,0,0,13.3705545,0
PD42778e_lo0016,PD42778e,PD42778,Male,44,transverse,acf,APC_ESS,NA,NA,NA,NA,NA,NA,NA,NA,NA,PD42778E_ACF_010,PD42778E_ACF_010,fap,29,0.382352941,0.418979745,1657,55,0.995445755,1664.452808,0.993223841,55.34111945,1,0,0,519.653251,931.1106979,213.688859,0,0,0,0,0,0,0,11.78856189,12.95299894,30.59955862,0,0,0,0
PD42778e_lo0017,PD42778e,PD42778,Male,44,transverse,acf,APC_ESS,NA,NA,NA,NA,NA,NA,NA,NA,NA,PD42778E_ACF_010,PD42778E_ACF-BC_010,fap,24,0.458333333,0.470234604,1671,90,0.99506,1671.367503,0.987517005,90.01275771,1,0,0,476.9826427,970.7046936,223.6801662,0,0,0,0,0,0,0,23.36610532,10.96100835,55.68564403,0,0,0,0
PD42778e_lo0018,PD42778e,PD42778,Male,44,transverse,acf,APC_ESS,NA,NA,NA,NA,NA,NA,NA,NA,NA,PD42778E_ACF_010,PD42778E_ACF-BC_010,fap,22,0.444444444,0.4375,1687,90,0.98800176,1688.554467,0.963178587,90.07654647,1,0,0,469.1993662,1011.07624,208.278861,0,0,0,0,0,0,0,23.38266403,10.96877602,55.72510643,0,0,0,0
PD42778e_lo0019,PD42778e,PD42778,Male,44,transverse,acf,APC_ESS,NA,NA,NA,NA,NA,NA,NA,NA,NA,PD42778E_ACF_010,PD42778E_ACF-BC_010,fap,36,0.388888889,0.378874856,1599,89,0.999543562,1599.001041,0.997711713,89.00011692,1,0,0,449.4477035,961.0212658,188.5320717,0,0,0,0,0,0,0,23.10323734,10.83769734,55.05918223,0,0,0,0
PD42778e_lo0020,PD42778e,PD42778,Male,44,transverse,acf,APC_ESS,NA,NA,NA,NA,NA,NA,NA,NA,NA,PD42778E_ACF_010,PD42778E_ACF_010,fap,27,0.45,0.453125,1611,80,0.99791144,1614.26498,0.993449139,80.49455433,1,0,0,467.7967675,958.1365121,188.3317009,0,0,0,0,0,0,0,21.80956913,4.594317474,40.07065382,14.0200139,0,0,0
PD42778e_lo0021,PD42778e,PD42778,Male,44,transverse,acf,APC_ESS,NA,NA,NA,NA,NA,NA,NA,NA,NA,PD42778E_ACF_010,PD42778E_ACF_010,fap,33,0.465116279,0.465891473,1741,84,0.99983935,1741.27155,0.999348252,84.05152171,0,0,0,530.4464176,978.7606679,232.0644647,0,0,0,0,0,0,0,19.37903769,17.01552914,47.65695488,0,0,0,0
PD42778e_lo0049,PD42778d,PD42778,Male,44,transverse,acf,APC_ESS,R876*,NA,NA,NA,NA,NA,NA,NA,NA,PD42778D_ACF_002,PD42778D_ACF_002,fap,40,0.416666667,0.423728814,1811,89,0.999947771,1811.040375,0.999811905,89.0073371,2,0,0,550.0048692,1025.089912,235.9455933,0,0,0,0,0,0,0,26.20902333,12.6653741,44.66767645,5.465263221,0,0,0
PD42778e_lo0050,PD42778d,PD42778,Male,44,transverse,acf,APC_ESS,R876*,NA,NA,NA,NA,NA,NA,NA,NA,PD42778D_ACF_002,PD42778D_ACF-BC_002,fap,32,0.47826087,0.457427536,1923,88,0.999838976,1923.040263,0.998893235,88.01551189,3,0,0,648.4398803,976.9707083,297.629674,0,0,0,0,0,0,0,31.82899282,15.17908309,41.00743598,0,0,0,0
PD42778e_lo0051,PD42778d,PD42778,Male,44,transverse,acf,APC_ESS,R876*,NA,NA,NA,NA,NA,NA,NA,NA,PD42778D_ACF_002,PD42778D_ACF-BC_002,fap,30,0.464285714,0.453463203,2045,95,0.999513566,2045.009741,0.997639062,95.00237973,3,0,0,709.1386501,990.7517126,345.1193779,0,0,0,0,0,0,0,34.35564933,16.3840326,44.2626978,0,0,0,0
PD42778e_lo0052,PD42778d,PD42778,Male,44,transverse,acf,APC_ESS,R876*,NA,NA,NA,NA,NA,NA,NA,NA,PD42778D_ACF_002,PD42778D_ACF-BC_002,fap,39,0.435897436,0.423076923,2030,94,0.999958031,2030.000217,0.999720785,94.0000132,5,0,0,703.3948464,984.477484,342.1278866,0,0,0,0,0,0,0,33.99316417,16.21116529,43.79568374,0,0,0,0
PD42778e_lo0053,PD42778d,PD42778,Male,44,transverse,acf,APC_ESS,NA,NA,NA,NA,NA,NA,NA,NA,NA,PD42778D_ACF_002,PD42778D_ACF_002,fap,44,0.434782609,0.449275362,1887,94,0.999993481,1887.012015,0.999980153,94.00176644,1,0,0,655.5373643,970.4964841,260.9781668,0,0,0,0,0,0,0,27.40444576,6.830856771,59.76646391,0,0,0,0
PD42778e_lo0054,PD42778d,PD42778,Male,44,transverse,acf,APC_ESS,NA,NA,NA,NA,NA,NA,NA,NA,NA,PD42778D_ACF_002,PD42778D_ACF_002,fap,41,0.428571429,0.391304348,1813,79,0.999974787,1813.036257,0.999611143,79.02100644,0,0,1,611.7982435,1001.579145,199.6588692,0,0,0,0,0,0,0,14.60539695,6.480209598,57.93539989,0,0,0,0
PD42778e_lo0055,PD42778d,PD42778,Male,44,transverse,acf,APC_ESS,NA,NA,NA,NA,NA,NA,NA,NA,NA,PD42778D_ACF_002,PD42778D_ACF-BC_002,fap,41,0.387755102,0.352941176,1910,97,0.999897834,1910.02322,0.998725434,97.00777813,0,0,0,670.1767177,1043.837296,196.0092069,0,0,0,0,0,0,0,22.54238124,11.79329859,62.67209831,0,0,0,0
PD42778e_lo0056,PD42778d,PD42778,Male,44,transverse,acf,APC_ESS,NA,NA,NA,NA,NA,NA,NA,NA,NA,PD42778D_ACF_002,PD42778D_ACF-BC_002,fap,36,0.418604651,0.396825397,1876,102,0.999804396,1876.037785,0.998562074,102.0159609,0,0,0,653.2511255,1039.710722,183.0759378,0,0,0,0,0,0,0,23.70616798,12.40214663,65.90764633,0,0,0,0
PD42778e_lo0057,PD42778d,PD42778,Male,44,transverse,acf,APC_ESS,NA,NA,NA,NA,NA,NA,NA,NA,NA,PD42778D_ACF_002,PD42778D_ACF_002,fap,42,0.433962264,0.44,1647,76,0.999985748,1647.022847,0.999943421,76.00401735,1,0,1,503.7805128,938.7178299,204.5245042,0,0,0,0,0,0,0,15.48743486,12.19091707,48.32566542,0,0,0,0
PD42778e_lo0062,PD42778c,PD42778,Male,44,caecum,acf,APC_ESS,R213*,NA,NA,NA,NA,NA,NA,NA,NA,PD42778C_ACF_001,PD42778C_ACF_001,fap,26,0.48,0.507692308,2218,140,0.998461178,2218.67196,0.996832229,140.0858016,7,0,0,778.525334,1055.683646,384.4629805,0,0,0,0,0,0,0,64.12579216,21.60429554,54.35571394,0,0,0,0
PD42778e_lo0063,PD42778c,PD42778,Male,44,caecum,acf,APC_ESS,R213*,NA,NA,NA,NA,NA,NA,NA,NA,PD42778C_ACF_001,PD42778C_ACF_001,fap,52,0.46969697,0.474576271,2250,141,0.999999923,2250.000036,0.999999604,141.0000111,4,0,0,795.7121344,1089.514373,364.7735291,0,0,0,0,0,0,0,64.54428144,21.74528665,54.71044303,0,0,0,0
PD42778e_lo0065,PD42778c,PD42778,Male,44,caecum,acf,APC_ESS,NA,NA,NA,NA,NA,NA,NA,NA,NA,PD42778C_ACF_001,PD42778C_ACF_001,fap,37,0.466666667,0.483314794,1666,83,0.999967048,1666.053977,0.999906984,83.00734898,0,0,1,539.6049793,975.4033543,151.0456436,0,0,0,0,0,0,0,33.03169393,9.096509268,40.87914578,0,0,0,0
PD42778e_lo0066,PD42778c,PD42778,Male,44,caecum,acf,APC_ESS,R213*,NA,NA,NA,NA,NA,NA,NA,NA,PD42778C_ACF_001,PD42778C_ACF-BC_001,fap,41,0.485714286,0.47826087,2427,145,0.999996483,2427.001959,0.999976079,145.0007419,8,0,0,874.4140276,1164.007192,388.5807394,0,0,0,0,0,0,0,63.8195183,19.31867323,56.37327878,5.489271554,0,0,0
PD42778e_lo0067,PD42778c,PD42778,Male,44,caecum,acf,APC_ESS,R213*,NA,NA,NA,NA,NA,NA,NA,NA,PD42778C_ACF_001,PD42778C_ACF_001,fap,32,0.488372093,0.5,2589,145,0.999876816,2589.088581,0.999604979,145.0122508,5,0,0,939.2978639,1196.997217,452.7934994,0,0,0,0,0,0,0,67.46603188,22.118309,55.42790992,0,0,0,0
PD42778e_lo0072,PD42778e,PD42778,Male,44,transverse,acf,APC_ESS,NA,NA,NA,NA,NA,NA,NA,NA,NA,PD42778E_ACF_002,PD42778E_ACF_002,fap,23,0.46875,0.476190476,1751,94,0.994241552,1760.297722,0.984473441,95.23629788,1,0,0,571.6697993,952.322786,236.3051369,0,0,0,0,0,0,0,23.86787776,13.0474526,58.32096752,0,0,0,0
PD42778e_lo0073,PD42778e,PD42778,Male,44,transverse,acf,APC_ESS,I231Yfs*21,NA,NA,NA,NA,NA,NA,NA,NA,PD42778E_ACF_002,PD42778E_ACF_002,fap,33,0.5,0.484622554,2261,137,0.999938769,2261.01886,0.999592833,137.0040733,0,0,0,883.7701157,1086.03822,291.2105247,0,0,0,0,0,0,0,53.76047638,20.97691768,62.26667927,0,0,0,0
PD42778e_lo0074,PD42778e,PD42778,Male,44,transverse,acf,APC_ESS,I231Yfs*21,NA,NA,NA,NA,NA,NA,NA,NA,PD42778E_ACF_002,PD42778E_ACF_002,fap,29,0.470588235,0.466666667,2103,132,0.999374024,2103.036961,0.997468929,132.0000057,0,0,0,814.8814396,1036.488296,251.6672257,0,0,0,0,0,0,0,51.79687739,20.21073671,59.9923916,0,0,0,0
PD42778e_lo0075,PD42778e,PD42778,Male,44,transverse,acf,APC_ESS,I231Yfs*21,NA,NA,NA,NA,NA,NA,NA,NA,PD42778E_ACF_002,PD42778E_ACF_002,fap,29,0.48,0.477272727,2166,135,0.999489401,2166.06233,0.997952526,135.0061607,0,0,0,840.8044565,1064.289901,260.9679727,0,0,0,0,0,0,0,52.97649433,20.67101402,61.35865237,0,0,0,0
PD42778e_lo0076,PD42778e,PD42778,Male,44,transverse,acf,APC_ESS,I231Yfs*21,NA,NA,NA,NA,NA,NA,NA,NA,PD42778E_ACF_002,PD42778E_ACF_002,fap,22,0.470588235,0.466666667,2041,132,0.9921306,2041.103114,0.975603655,132.0250069,0,0,0,801.6465483,986.1552427,253.3013228,0,0,0,0,0,0,0,51.80668788,20.21456468,60.00375435,0,0,0,0
PD42778e_lo0077,PD42778e,PD42778,Male,44,transverse,acf,APC_ESS,NA,NA,NA,NA,NA,NA,NA,NA,NA,PD42778E_ACF_002,PD42778E_ACF_002,fap,21,0.444444444,0.467913521,1780,86,0.983176277,1807.939605,0.967137885,88.38463688,1,0,0,586.1389183,972.3346658,249.466021,0,0,0,0,0,0,0,23.76942522,4.846620273,59.76859138,0,0,0,0
PD42778f_lo0016,PD42778f,PD42778,Male,44,descending,normal,APC_ESS,NA,NA,NA,NA,NA,NA,NA,NA,NA,normal,normal,fap,51,0.431818182,0.418010753,1793,90,0.99999944,1793.000926,0.999994214,90.00044594,0,0,0,573.1332055,970.5518014,249.3159193,0,0,0,0,0,0,0,23.46967353,13.9275356,52.60323681,0,0,0,0
PD42778f_lo0017,PD42778f,PD42778,Male,44,descending,normal,APC_ESS,NA,NA,NA,NA,NA,NA,NA,NA,NA,normal,normal,fap,28,0.451612903,0.432125307,1911,88,0.998586346,1913.509957,0.992808908,88.54323879,1,0,0,671.4444575,976.3650916,265.7004082,0,0,0,0,0,0,0,25.27168584,7.655202534,55.61635042,0,0,0,0
PD42778f_lo0018,PD42778f,PD42778,Male,44,descending,normal,APC_ESS,NA,NA,NA,NA,NA,NA,NA,NA,NA,normal,normal,fap,26,0.371428571,0.392857143,1609,57,0.986640428,1630.272073,0.9743806,58.41982259,1,0,0,586.5501802,857.2218725,186.50002,0,0,0,0,0,0,0,14.72650898,4.798232168,38.89508144,0,0,0,0
PD42778f_lo0019,PD42778f,PD42778,Male,44,descending,normal,APC_ESS,NA,NA,NA,NA,NA,NA,NA,NA,NA,normal,normal,fap,25,0.461538462,0.475,1879,77,0.996696391,1883.375172,0.991652475,77.36324585,0,1,0,688.627964,885.3212444,309.4259638,0,0,0,0,0,0,0,23.77969123,10.31857389,43.26498073,0,0,0,0
PD42778f_lo0020,PD42778f,PD42778,Male,44,descending,normal,APC_ESS,NA,NA,NA,NA,NA,NA,NA,NA,NA,normal,normal,fap,27,0.454545455,0.470588235,2075,99,0.998132891,2077.83723,0.995350742,99.30489412,0,0,0,801.4120982,967.0097929,309.4153392,0,0,0,0,0,0,0,37.79396191,12.1247507,49.38618152,0,0,0,0
PD42778f_lo0048,PD42778f,PD42778,Male,44,descending,polyp,APC_ESS,R554*,NA,NA,NA,NA,NA,NA,2.7,NA,PD42778F_PLP_007,PD42778F_PLP_007,fap,77,0.449275362,0.442028986,3244,244,1,3244,1,244,5,0,0,1287.198529,1193.961763,762.8397082,0,0,0,0,0,0,0,105.4962131,52.13787844,86.36590846,0,0,0,0
PD42778f_lo0049,PD42778f,PD42778,Male,44,descending,polyp,APC_ESS,R554*,NA,NA,NA,NA,NA,NA,2.7,NA,PD42778F_PLP_007,PD42778F_PLP_007,fap,66,0.390625,0.38372093,3331,258,0.999999977,3331.000003,0.999999784,258.0000035,7,0,0,1305.220311,1237.903626,787.876067,0,0,0,0,0,0,0,111.549276,55.12939679,91.32133066,0,0,0,0
PD42778f_lo0055,PD42778f,PD42778,Male,44,descending,acf,APC_ESS,NA,NA,NA,NA,NA,NA,NA,NA,PD42778F_PLP_007,PD42778F_ACF_007,PD42778F_PLP-ACF_007,fap,72,0.432432432,0.427376822,2334,151,1,2334.000001,0.999999997,151.0000005,5,0,0,859.7124681,1180.989502,293.2980309,0,0,0,0,0,0,0,48.77387443,21.67573063,80.5503954,0,0,0,0
PD42778f_lo0057,PD42778f,PD42778,Male,44,descending,acf,APC_ESS,NA,NA,NA,NA,NA,NA,NA,NA,PD42778F_PLP_007,PD42778F_ACF_007,PD42778F_PLP-ACF_007,fap,56,0.467741935,0.462342437,1823,113,0.999999985,1823.000027,0.999999864,113.0000144,4,0,0,523.1626428,1092.96874,206.8686439,0,0,0,0,0,0,0,36.8539391,11.4669948,64.67908053,0,0,0,0
PD42778f_lo0068,PD42778f,PD42778,Male,44,descending,acf,APC_ESS,NA,NA,NA,NA,NA,NA,NA,NA,PD42778F_PLP_007,PD42778F_ACF_007,PD42778F_PLP-ACF_007,fap,47,0.358490566,0.357142857,1914,112,0.999954795,1914.086299,0.999783868,112.0233473,1,0,0,646.5853476,1029.854679,237.6462729,0,0,0,0,0,0,0,30.47216708,7.83294678,73.71823345,0,0,0,0
PD42778f_lo0077,PD42778f,PD42778,Male,44,descending,acf,APC_ESS,NA,NA,NA,NA,NA,NA,NA,NA,NA,PD42778F_ACF_001,PD42778F_ACF_001,fap,52,0.42,0.417792793,1915,98,0.999999345,1915.001209,0.999995812,98.00036448,8,0,0,776.5162785,881.3310804,257.1538505,0,0,0,0,0,0,0,29.19333241,7.297915215,61.50911686,0,0,0,0
PD42778f_lo0078,PD42778f,PD42778,Male,44,descending,acf,APC_ESS,NA,NA,NA,NA,NA,NA,NA,NA,NA,PD42778F_ACF_001,PD42778F_ACF_001,fap,23,0.4,0.391304348,1622,94,0.981561381,1624.74623,0.944980779,94.56255938,2,0,0,542.3336814,913.5604478,168.8521008,0,0,0,0,0,0,0,28.46172958,14.03066664,52.07016316,0,0,0,0
PD42778f_lo0079,PD42778f,PD42778,Male,44,descending,acf,APC_ESS,NA,NA,NA,NA,NA,NA,NA,NA,NA,PD42778F_ACF_001,PD42778F_ACF_001,fap,14,0.5,0.451190476,1627,94,0.917725714,1659.815323,0.75443548,97.84654246,4,0,0,553.4078494,937.8075685,168.5999053,0,0,0,0,0,0,0,29.4501529,14.51792578,53.87846378,0,0,0,0
PD42778f_lo0080,PD42778f,PD42778,Male,44,descending,acf,APC_ESS,NA,NA,NA,NA,NA,NA,NA,NA,NA,PD42778F_ACF_001,PD42778F_ACF_001,fap,16,0.416666667,0.380952381,1566,93,0.899260079,1572.915731,0.727455941,94.13719903,1,0,0,512.9411803,903.6348519,156.3396984,0,0,0,0,0,0,0,28.33370332,13.96755403,51.83594168,0,0,0,0
PD42778f_lo0081,PD42778f,PD42778,Male,44,descending,acf,APC_ESS,NA,NA,NA,NA,NA,NA,NA,NA,NA,PD42778F_ACF_001,PD42778F_ACF_001,fap,40,0.34375,0.364705882,1945,98,0.999425459,1946.090595,0.998842627,98.10662226,6,0,1,709.4513687,991.1775517,245.4616741,0,0,0,0,0,0,0,34.53486774,5.981434773,57.59031975,0,0,0,0
PD42778f_lo0083,PD42778f,PD42778,Male,44,descending,acf,APC_ESS,NA,NA,NA,NA,NA,NA,NA,NA,NA,PD42778F_ACF_001,PD42778F_ACF_001,fap,31,0.382352941,0.379310345,1807,89,0.997473918,1811.454695,0.991104924,89.744938,1,0,0,610.4227822,991.8522744,209.179638,0,0,0,0,0,0,0,28.20996891,6.81030475,54.72466434,0,0,0,0
PD42778g_lo0008,PD42778g,PD42778,Male,44,sigmoid,normal,APC_ESS,NA,NA,NA,NA,NA,NA,NA,NA,NA,normal,normal,fap,45,0.404761905,0.413251366,1560,85,0.99998497,1560.021856,0.999946334,85.00381287,2,0,0,438.3579719,960.5004917,161.1633919,0,0,0,0,0,0,0,23.03849514,0,61.96531773,0,0,0,0
PD42778g_lo0009,PD42778g,PD42778,Male,44,sigmoid,normal,APC_ESS,NA,NA,NA,NA,NA,NA,NA,NA,NA,normal,normal,fap,32,0.477272727,0.468085106,1672,75,0.999841577,1672.259855,0.999162275,75.05785151,2,1,1,482.8701483,1001.272657,188.1170499,0,0,0,0,0,0,0,17.17194404,4.821090433,53.06481703,0,0,0,0
PD42778g_lo0010,PD42778g,PD42778,Male,44,sigmoid,normal,APC_ESS,NA,NA,NA,NA,NA,NA,NA,NA,NA,normal,normal,fap,27,0.481481481,0.46,1568,81,0.998958827,1569.523783,0.994386111,81.37825646,1,0,0,465.6137093,937.4026261,166.5074477,0,0,0,0,0,0,0,25.42649282,5.356888406,43.48310686,7.111768366,0,0,0
PD42778g_lo0011,PD42778g,PD42778,Male,44,sigmoid,normal,APC_ESS,NA,NA,NA,NA,NA,NA,NA,NA,NA,normal,normal,fap,30,0.459459459,0.46875,2131,94,0.999432993,2131.98,0.998268361,94.11146208,5,0,0,837.7656622,1093.834499,200.3798388,0,0,0,0,0,0,0,33.5847305,7.157578039,53.36915355,0,0,0,0
PD42778g_lo0012,PD42778g,PD42778,Male,44,sigmoid,normal,APC_ESS,NA,NA,NA,NA,NA,NA,NA,NA,NA,normal,normal,fap,24,0.473684211,0.479166667,1776,97,0.996294305,1781.100195,0.989293913,97.72551545,6,0,0,589.819361,982.639637,208.6411967,0,0,0,0,0,0,0,31.9424346,7.836734322,57.94634653,0,0,0,0
PD42778g_lo0013,PD42778g,PD42778,Male,44,sigmoid,normal,APC_ESS,NA,NA,NA,NA,NA,NA,NA,NA,NA,normal,normal,fap,37,0.452380952,0.454545455,1694,73,0.999950342,1694.072645,0.999788881,73.01251785,3,0,1,517.9337877,990.6754836,185.4633738,0,0,0,0,0,0,0,9.052062754,9.632814394,36.29498402,0,18.03265668,0,0
PD42778g_lo0014,PD42778g,PD42778,Male,44,sigmoid,normal,APC_ESS,NA,NA,NA,NA,NA,NA,NA,NA,NA,normal,normal,fap,19,0.473684211,0.5,1892,71,0.9788863,1927.740195,0.959923433,73.37979518,3,0,0,695.8022876,992.9687176,238.9691899,0,0,0,0,0,0,0,16.70354963,7.764760756,38.43990182,10.47158297,0,0,0
PD42778g_lo0015,PD42778g,PD42778,Male,44,sigmoid,normal,APC_ESS,NA,NA,NA,NA,NA,NA,NA,NA,NA,normal,normal,fap,32,0.434782609,0.453751066,1932,98,0.999490895,1932.955061,0.998772078,98.1118783,2,0,1,650.7223755,1068.400003,213.8326827,0,0,0,0,0,0,0,29.85975484,6.895218746,61.35690472,0,0,0,0
PD42778g_lo0016,PD42778g,PD42778,Male,44,sigmoid,normal,APC_ESS,NA,NA,NA,NA,NA,NA,NA,NA,NA,normal,normal,fap,12,0.52173913,0.5,1545,59,0.871023888,1688.554426,0.715273876,69.169182,5,0,0,603.9151461,885.8250313,198.8142491,0,0,0,0,0,0,0,14.62027676,16.70942119,37.83948404,0,0,0,0
PD42778g_lo0017,PD42778g,PD42778,Male,44,sigmoid,normal,APC_ESS,NA,NA,NA,NA,NA,NA,NA,NA,NA,normal,normal,fap,21,0.48,0.479583333,1586,73,0.990185375,1596.634261,0.971929308,74.34391017,1,0,0,527.2159344,911.8342154,157.584111,0,0,0,0,0,0,0,17.50329846,7.593332822,17.75003767,0,0,0,31.49724121
PD42778g_lo0018,PD42778g,PD42778,Male,44,sigmoid,normal,APC_ESS,NA,NA,NA,NA,NA,NA,NA,NA,NA,normal,normal,fap,33,0.428571429,0.443802521,2253,108,0.999587393,2253.911412,0.99890288,108.1109308,6,0,0,938.0460367,1048.987832,266.8775442,0,0,0,0,0,0,0,35.19386718,14.4400593,58.47700434,0,0,0,0
PD42778g_lo0019,PD42778g,PD42778,Male,44,sigmoid,normal,APC_ESS,NA,NA,NA,NA,NA,NA,NA,NA,NA,normal,normal,fap,26,0.484848485,0.503246753,2216,108,0.998578407,2219.117721,0.99649686,108.3585764,13,0,0,906.0735954,1016.186628,296.857498,0,0,0,0,0,0,0,44.65999723,12.65985632,51.03872286,0,0,0,0
PD42778h_lo0001,PD42778h,PD42778,Male,44,transverse,large polyp,APC_ESS,Chr5LOH,NA,G12D,NA,R361H,NA,NA,35,NA,PD42778H_PLP_008,PD42778H_PLP_008,fap,34,0.432432432,0.454545455,14608,1054,0.999725226,14608.0984,0.999382527,1054.010505,65,18,11,2100.051183,3877.268263,1916.436072,0,0,0,0,0,4924.862074,1789.480808,393.567978,347.6128164,146.1334033,0,166.6963074,0,0
PD42778h_lo0002,PD42778h,PD42778,Male,44,transverse,large polyp,APC_ESS,Chr5LOH,NA,G12D,NA,R361H,NA,NA,35,NA,PD42778H_PLP_008,PD42778H_PLP_008,fap,36,0.441176471,0.469387755,14500,1054,0.999899778,14500.02506,0.999804543,1054.003325,64,17,10,2081.144799,3910.138299,1902.990007,0,0,0,0,0,4927.853899,1677.898059,393.5654996,347.6107811,146.1320509,0,166.6949933,0,0
PD42778h_lo0003,PD42778h,PD42778,Male,44,transverse,large polyp,APC_ESS,Chr5LOH,NA,G12D,NA,R361H,NA,NA,35,NA,PD42778H_PLP_008,PD42778H_PLP_008,fap,38,0.432432432,0.452830189,14538,1052,0.999937604,14538.02777,0.999848949,1052.00423,71,17,10,2079.71516,3959.173628,1865.453802,0,0,0,0,0,4955.78712,1677.898059,392.87546,347.0441242,145.7555118,0,166.3291341,0,0
PD42778h_lo0017,PD42778h,PD42778,Male,44,transverse,large polyp,APC_ESS,Chr5LOH,NA,G12D,NA,R361H,NA,NA,35,NA,PD42778H_PLP_008,PD42778H_PLP_008,fap,40,0.424242424,0.457980226,18746,1032,0.999957402,18746.27899,0.999932952,1032.007376,60,17,9,1728.190761,5167.1547,1576.913361,0,0,0,0,0,8596.122106,1677.898059,374.6145642,335.5739714,154.1155617,6.850669817,160.8526086,0,0
PD42778h_lo0019,PD42778h,PD42778,Male,44,transverse,large polyp,APC_ESS,Chr5LOH,NA,G12D,NA,R361H,NA,NA,35,NA,PD42778H_PLP_008,PD42778H_PLP_008,fap,40,0.425531915,0.457142857,14977,1024,0.99995838,14977.10401,0.999929805,1024.005335,62,18,10,2101.976829,3770.75867,1861.147119,0,0,0,0,0,5565.323335,1677.898059,383.352365,340.5466947,157.5695343,0,142.5367411,0,0
PD42778j_lo0001,PD42778j,PD42778,Male,44,transverse,large polyp,APC_ESS,R499*,E1521*,NA,R196*,NA,NA,NA,20,NA,PD42778J_PLP_009,PD42778J_PLP_009,fap,39,0.483870968,0.470588235,5779,698,0.999990796,5779.000709,0.99993305,698.000337,14,6,5,1777.737487,2350.61642,1650.646801,0,0,0,0,0,0,0,341.5614405,229.703807,126.7350895,0,0,0,0
PD42778j_lo0002,PD42778j,PD42778,Male,44,transverse,large polyp,APC_ESS,R499*,E1521*,NA,R196*,NA,NA,NA,20,NA,PD42778J_PLP_009,PD42778J_PLP_009,fap,30,0.473684211,0.461538462,5805,699,0.999597837,5805.04144,0.997978464,699.012156,13,5,4,1771.82728,2373.888269,1659.32589,0,0,0,0,0,0,0,342.0968205,229.9742046,126.9411309,0,0,0,0
PD42778j_lo0003,PD42778j,PD42778,Male,44,transverse,large polyp,APC_ESS,R499*,E1521*,NA,R196*,NA,NA,NA,20,NA,PD42778J_PLP_009,PD42778J_PLP_009,fap,30,0.458333333,0.451296648,5829,706,0.999434483,5829.132406,0.997505754,706.0725141,18,5,3,1787.186348,2387.227124,1654.718934,0,0,0,0,0,0,0,345.832641,231.8610088,128.3788642,0,0,0,0
PD42778j_lo0004,PD42778j,PD42778,Male,44,transverse,large polyp,APC_ESS,R499*,E1521*,NA,NA,NA,NA,NA,20,NA,PD42778J_PLP_009,PD42778J_PLP_009,fap,49,0.482758621,0.482142857,4364,346,0.999999888,4364.000253,0.999999255,346.0001133,22,1,0,1657.691337,1639.217637,1067.091279,0,0,0,0,0,0,0,161.4095187,77.62600805,106.9645866,0,0,0,0
PD42778j_lo0005,PD42778j,PD42778,Male,44,transverse,large polyp,APC_ESS,R499*,E1521*,NA,NA,NA,NA,E545K,20,NA,PD42778J_PLP_009,PD42778J_PLP_009,fap,39,0.470588235,0.473205742,5775,484,0.999986409,5775.04984,0.999939451,484.0175602,28,1,2,2036.08806,2145.673839,1593.287941,0,0,0,0,0,0,0,216.7412423,127.2169541,102.0118678,0,38.04749606,0,0
PD42778j_lo0012,PD42778j,PD42778,Male,44,transverse,large polyp,APC_ESS,R499*,E1521*,NA,NA,NA,NA,NA,20,NA,PD42778J_PLP_009,PD42778J_PLP_009,fap,36,0.476190476,0.476190476,6036,657,0.99996385,6036.068616,0.999833408,657.0324909,14,4,2,1854.869389,2447.01712,1734.182106,0,0,0,0,0,0,0,327.112774,201.2694157,128.6503012,0,0,0,0
PD44720c_lo0003,PD44720c,PD44720,Male,18,unknown,acf,APC_Insfs,NA,NA,NA,NA,NA,NA,NA,NA,NA,PD44720C_ACF_002,PD44720C_ACF_002,fap,49,0.438356164,0.443001443,983,54,0.999999144,983.0008152,0.999995918,54.00021228,2,1,0,393.7738921,454.6702466,134.5566765,0,0,0,0,0,0,0,17.60925265,5.767745155,30.62321448,0,0,0,0
PD44720c_lo0007,PD44720c,PD44720,Male,18,unknown,acf,APC_Insfs,NA,NA,NA,NA,NA,NA,NA,NA,NA,PD44720C_ACF_002,PD44720C_ACF-BC_002,fap,34,0.25,0.228571429,726,25,0.96988179,745.9673909,0.88665616,27.81232408,0,0,0,288.5348305,375.1698388,82.26272159,0,0,0,0,0,0,0,8.226672628,8.81810569,10.76754577,0,0,0,0
PD44720c_lo0014,PD44720c,PD44720,Male,18,unknown,acf,APC_Insfs,T1556Nfs*3,NA,NA,NA,NA,NA,NA,NA,NA,PD44720C_ACF_002,PD44720C_ACF-BC_002,fap,23,0.388888889,0.39410299,1401,94,0.977890979,1410.360148,0.947111481,94.94934083,0,0,0,607.3169427,522.4542954,280.5889099,0,0,0,0,0,0,0,52.2187283,17.62156485,25.10904768,0,0,0,0
PD44720c_lo0015,PD44720c,PD44720,Male,18,unknown,acf,APC_Insfs,T1556Nfs*3,NA,NA,NA,NA,NA,NA,NA,NA,PD44720C_ACF_002,PD44720C_ACF-BC_002,fap,42,0.472222222,0.5,1437,95,0.99999644,1437.001673,0.999992777,95.00015828,1,0,0,608.9485679,568.9603876,259.0927178,0,0,0,0,0,0,0,52.24667607,17.63099601,25.1224862,0,0,0,0
PD44720c_lo0030,PD44720c,PD44720,Male,18,unknown,normal,APC_Insfs,NA,NA,NA,NA,NA,NA,NA,NA,NA,normal,normal,fap,38,0.258064516,0.272727273,891,41,0.988179768,901.2271874,0.977078097,41.91492606,2,0,0,334.5455606,566.6816267,0,0,0,0,0,0,0,0,14.26177029,3.60496664,24.04818913,0,0,0,0
PD44720c_lo0032,PD44720c,PD44720,Male,18,unknown,normal,APC_Insfs,NA,NA,NA,NA,NA,NA,NA,NA,NA,normal,normal,fap,42,0.235294118,0.216538789,872,44,0.988796511,880.7476598,0.94826621,46.07385047,1,0,0,348.0592945,460.8581549,71.83021048,0,0,0,0,0,0,0,13.28611595,2.801135734,29.98659879,0,0,0,0
PD44720c_lo0033,PD44720c,PD44720,Male,18,unknown,normal,APC_Insfs,NA,NA,NA,NA,NA,NA,NA,NA,NA,normal,normal,fap,33,0.423076923,0.480769231,667,35,0.999509004,667.1963172,0.999554589,35.00718345,0,0,0,222.7683546,384.6045727,59.82338997,0,0,0,0,0,0,0,13.25574269,2.242090272,19.5093505,0,0,0,0
PD44720c_lo0034,PD44720c,PD44720,Male,18,unknown,normal,APC_Insfs,NA,NA,NA,NA,NA,NA,NA,NA,NA,normal,normal,fap,37,0.368421053,0.381818182,663,34,0.999373778,663.3715843,0.9983781,34.05036094,1,0,0,242.8312018,382.1349541,38.40542834,0,0,0,0,0,0,0,8.923338499,3.305859313,21.82116312,0,0,0,0
PD44720c_lo0035,PD44720c,PD44720,Male,18,unknown,normal,APC_Insfs,NA,NA,NA,NA,NA,NA,NA,NA,NA,normal,normal,fap,14,0.444444444,0.44375,619,22,0.867115976,708.1915293,0.74219029,28.94726712,0,0,0,298.9671866,331.263056,77.9612867,0,0,0,0,0,0,0,6.785761933,4.9506064,17.21089879,0,0,0,0
PD44720c_lo0036,PD44720c,PD44720,Male,18,unknown,normal,APC_Insfs,NA,NA,NA,NA,NA,NA,NA,NA,NA,normal,normal,fap,22,0.444444444,0.5,788,43,0.988023064,797.3097898,0.985122383,43.64939903,0,0,0,313.6516365,422.8088219,60.84933134,0,0,0,0,0,0,0,12.82906655,3.750664789,27.0696677,0,0,0,0
PD44720c_lo0068,PD44720c,PD44720,Male,18,unknown,normal,APC_Insfs,NA,NA,NA,NA,NA,NA,NA,NA,NA,normal,normal,fap,32,0.416666667,0.409090909,775,32,0.999208231,775.5354365,0.996543862,32.09088654,1,0,0,306.5561834,417.3949116,51.58434144,0,0,0,0,0,0,0,9.373630878,2.03050657,15.62977218,5.056976921,0,0,0
PD44720c_lo0069,PD44720c,PD44720,Male,18,unknown,normal,APC_Insfs,NA,NA,NA,NA,NA,NA,NA,NA,NA,normal,normal,fap,42,0.375,0.384615385,679,41,0.999889228,679.035582,0.999653376,41.00755325,2,0,0,320.5671531,344.4204821,14.04794683,0,0,0,0,0,0,0,17.55336006,0,14.55917808,0,0,8.895015113,0
PD44720c_lo0070,PD44720c,PD44720,Male,18,unknown,normal,APC_Insfs,NA,NA,NA,NA,NA,NA,NA,NA,NA,normal,normal,fap,14,0.333333333,0.358974359,572,33,0.684595431,604.7267503,0.563493937,34.55336979,1,0,0,272.0070812,327.0559153,5.663753876,0,0,0,0,0,0,0,17.3298075,2.045687141,15.17787515,0,0,0,0
PD44720c_lo0071,PD44720c,PD44720,Male,18,unknown,normal,APC_Insfs,NA,NA,NA,NA,NA,NA,NA,NA,NA,normal,normal,fap,25,0.467708333,0.476630435,685,36,0.997111272,686.2084029,0.991962459,36.13779903,1,0,0,240.7578924,387.7087985,57.74171204,0,0,0,0,0,0,0,14.91268038,3.825101915,17.40001674,0,0,0,0
PD44720c_lo0072,PD44720c,PD44720,Male,18,unknown,normal,APC_Insfs,NA,NA,NA,NA,NA,NA,NA,NA,NA,normal,normal,fap,38,0.432432432,0.441518468,725,34,0.999936238,725.0417683,0.999785484,34.00665176,1,0,0,262.4984879,411.4611542,51.08212615,0,0,0,0,0,0,0,12.5528232,8.018440184,13.43538838,0,0,0,0
PD44720c_lo0073,PD44720c,PD44720,Male,18,unknown,normal,APC_Insfs,NA,NA,NA,NA,NA,NA,NA,NA,NA,normal,normal,fap,25,0.484359726,0.513167013,808,42,0.997904758,809.5831294,0.99578933,42.16491052,0,0,0,337.5331042,405.8030661,66.24695911,0,0,0,0,0,0,0,15.07894312,3.917159167,23.16880824,0,0,0,0
PD44720c_lo0074,PD44720c,PD44720,Male,18,unknown,normal,APC_Insfs,NA,NA,NA,NA,NA,NA,NA,NA,NA,normal,normal,fap,28,0.454545455,0.452380952,854,35,0.998700771,855.0638868,0.99525496,35.15733289,1,0,0,308.919746,481.7306245,64.41351627,0,0,0,0,0,0,0,11.24537888,6.377786269,17.53416774,0,0,0,0
PD44720g_lo0010,PD44720g,PD44720,Male,18,unknown,acf,APC_Insfs,NA,NA,NA,NA,NA,NA,NA,NA,NA,PD44720G_ACF_002,PD44720G_ACF-BC_002,fap,31,0.5,0.506756757,350,54,0.999863895,350.0335952,0.999511527,54.02600156,1,0,0,155.6221501,141.3979004,53.01354469,0,0,0,0,0,0,0,23.24541447,4.973477335,25.80710976,0,0,0,0
PD44720g_lo0011,PD44720g,PD44720,Male,18,unknown,acf,APC_Insfs,NA,NA,NA,NA,NA,NA,NA,NA,NA,PD44720G_ACF_002,PD44720G_ACF-BC_002,fap,4,0.714285714,0.389830508,368,42,0.319475579,463.8857567,0.02149473,269.6328491,0,0,0,206.2399149,187.3890761,70.25676572,0,0,0,0,0,0,0,116.0131631,24.82161968,128.7980663,0,0,0,0
PD44720g_lo0035,PD44720g,PD44720,Male,18,unknown,normal,APC_Insfs,NA,NA,NA,NA,NA,NA,NA,NA,NA,normal,normal,fap,36,0.387096774,0.396721311,762,32,0.999512315,762.3508212,0.998563264,32.04172859,2,0,0,323.231337,366.2888089,72.83067541,0,0,0,0,0,0,0,17.78562972,4.124189753,10.13190912,0,0,0,0
PD44720g_lo0036,PD44720g,PD44720,Male,18,unknown,normal,APC_Insfs,NA,NA,NA,NA,NA,NA,NA,NA,NA,normal,normal,fap,37,0.371428571,0.369565217,804,39,0.999415324,804.4452039,0.997700113,39.08299011,0,0,0,292.7675337,421.6479342,90.029736,0,0,0,0,0,0,0,6.452530854,7.774205805,16.49805454,8.358198912,0,0,0
PD44720g_lo0037,PD44720g,PD44720,Male,18,unknown,normal,APC_Insfs,NA,NA,NA,NA,NA,NA,NA,NA,NA,normal,normal,fap,44,0.41025641,0.442307692,783,43,0.999983607,783.0122788,0.999974569,43.00101727,0,0,0,271.5047927,425.8013021,85.70618402,0,0,0,0,0,0,0,14.35783848,7.958739091,20.68443971,0,0,0,0
PD44720g_lo0038,PD44720g,PD44720,Male,18,unknown,normal,APC_Insfs,NA,NA,NA,NA,NA,NA,NA,NA,NA,normal,normal,fap,38,0.41025641,0.409836066,696,33,0.999866175,696.0886039,0.999435745,33.01693722,0,0,0,243.4845047,367.7002774,84.90382167,0,0,0,0,0,0,0,8.775390741,5.905907175,18.3356393,0,0,0,0
PD44720g_lo0039,PD44720g,PD44720,Male,18,unknown,normal,APC_Insfs,NA,NA,NA,NA,NA,NA,NA,NA,NA,normal,normal,fap,35,0.451612903,0.441860465,880,43,0.999891082,880.0448406,0.999397745,43.01136878,2,0,0,389.1115805,381.7410127,109.1922475,0,0,0,0,0,0,0,11.81898538,7.710588696,23.4817947,0,0,0,0
PD44720g_lo0040,PD44720g,PD44720,Male,18,unknown,normal,APC_Insfs,NA,NA,NA,NA,NA,NA,NA,NA,NA,normal,normal,fap,32,0.290322581,0.3,938,43,0.982814245,946.0794897,0.962340913,43.70491191,2,0,0,371.7329526,441.1924347,133.1541024,0,0,0,0,0,0,0,12.59028896,5.996432418,25.11819054,0,0,0,0
PD44720g_lo0041,PD44720g,PD44720,Male,18,unknown,normal,APC_Insfs,NA,NA,NA,NA,NA,NA,NA,NA,NA,normal,normal,fap,11,0.454545455,0.535714286,422,12,0.735437602,561.9465043,0.700829315,16.26880952,0,0,0,164.4444443,316.7359056,80.76615435,0,0,0,0,0,0,0,3.458034594,5.912034525,6.8987404,0,0,0,0
PD44720g_lo0042,PD44720g,PD44720,Male,18,unknown,normal,APC_Insfs,NA,NA,NA,NA,NA,NA,NA,NA,NA,normal,normal,fap,23,0.4,0.342105263,618,31,0.981718831,628.9033526,0.892828488,34.48104242,0,1,0,151.494939,427.0633733,50.34504032,0,0,0,0,0,0,0,6.76115129,2.704586738,25.01530439,0,0,0,0
PD44720g_lo0043,PD44720g,PD44720,Male,18,unknown,normal,APC_Insfs,NA,NA,NA,NA,NA,NA,NA,NA,NA,normal,normal,fap,34,0.413043478,0.416666667,780,31,0.999552486,780.3241452,0.998429424,31.0424728,0,0,0,306.6344975,360.0011566,113.6884911,0,0,0,0,0,0,0,8.014114352,2.050650333,17.58255845,3.395149668,0,0,0
PD44720g_lo0044,PD44720g,PD44720,Male,18,unknown,normal,APC_Insfs,NA,NA,NA,NA,NA,NA,NA,NA,NA,normal,normal,fap,42,0.425,0.419354839,719,43,0.999979604,719.0135227,0.999883373,43.00454953,1,0,0,266.0445381,341.0437754,111.9252093,0,0,0,0,0,0,0,8.213685137,7.013239576,27.77762481,0,0,0,0
PD44720g_lo0045,PD44720g,PD44720,Male,18,unknown,normal,APC_Insfs,NA,NA,NA,NA,NA,NA,NA,NA,NA,normal,normal,fap,37,0.25,0.264150943,573,25,0.982113686,577.5003718,0.965963226,25.29240122,0,0,0,213.5532276,276.1281475,87.81899667,0,0,0,0,0,0,0,9.403322032,6.20288664,9.686192547,0,0,0,0
PD44720g_lo0046,PD44720g,PD44720,Male,18,unknown,normal,APC_Insfs,NA,NA,NA,NA,NA,NA,NA,NA,NA,normal,normal,fap,39,0.268761726,0.272727273,670,33,0.992744728,672.5378541,0.98070921,33.32523636,0,0,0,268.4410167,302.978687,101.1181504,0,0,0,0,0,0,0,12.0593246,6.26046503,15.00544673,0,0,0,0
PD44720i_lo0006,PD44720i,PD44720,Male,18,unknown,acf,APC_Insfs,NA,NA,NA,NA,NA,NA,NA,NA,NA,PD44720I_ACF_003,PD44720I_ACF-BC_003,fap,9,0.444444444,0.375,357,20,0.564891547,479.4738293,0.249504898,35.04275733,0,0,0,152.3514106,249.5225182,77.59990059,0,0,0,0,0,0,0,9.121356164,7.743821026,10.33330939,7.844270747,0,0,0
PD44720i_lo0007,PD44720i,PD44720,Male,18,unknown,acf,APC_Insfs,NA,NA,NA,NA,NA,NA,NA,NA,NA,PD44720I_ACF_003,PD44720I_ACF-BC_003,fap,36,0.461538462,0.446712018,627,50,0.999944861,627.0275274,0.999630192,50.01601865,3,0,0,266.8252936,283.191389,77.01084477,0,0,0,0,0,0,0,17.13076933,0,32.88524932,0,0,0,0
PD44720i_lo0010,PD44720i,PD44720,Male,18,unknown,acf,APC_Insfs,NA,NA,NA,NA,NA,NA,NA,NA,NA,PD44720I_ACF_003,PD44720I_ACF-BC_003,fap,22,0.458333333,0.5,803,38,0.990238234,810.5512347,0.984865091,38.52251162,1,0,0,319.1187475,389.7422863,101.690201,0,0,0,0,0,0,0,14.56410753,4.70749679,19.2509073,0,0,0,0
PD44720i_lo0021,PD44720i,PD44720,Male,18,unknown,polyp,APC_Insfs,E1306*,NA,NA,R202C,NA,NA,NA,2.4,NA,PD44720I_PLP_001,PD44720I_PLP_001,fap,19,0.483870968,0.503846154,1697,158,0.98167496,1698.941002,0.961842705,158.4606203,4,0,0,636.0635902,565.1066444,497.7707676,0,0,0,0,0,0,0,91.52116942,31.95536631,34.98408459,0,0,0,0
PD44720i_lo0022,PD44720i,PD44720,Male,18,unknown,polyp,APC_Insfs,E1306*,NA,NA,R202C,NA,NA,NA,2.4,NA,PD44720I_PLP_001,PD44720I_PLP_001,fap,19,0.47826087,0.504098361,1686,153,0.980228856,1687.860397,0.961989109,153.261474,4,0,0,633.0632629,556.5393433,498.257791,0,0,0,0,0,0,0,88.24696868,31.43956261,33.57494273,0,0,0,0
PD44720i_lo0023,PD44720i,PD44720,Male,18,unknown,polyp,APC_Insfs,E1306*,NA,NA,R202C,NA,NA,NA,2.4,NA,PD44720I_PLP_001,PD44720I_PLP_001,fap,56,0.492537313,0.5,1822,179,0.999999995,1822.000004,0.999999974,179.0000019,7,0,0,728.6339336,558.9839747,534.3820956,0,0,0,0,0,0,0,98.33492981,36.40570469,44.25936743,0,0,0,0
PD44720k_lo0001,PD44720k,PD44720,Male,18,unknown,polyp,APC_Insfs,X470_splice,NA,G12S,NA,NA,NA,NA,4.8,NA,PD44720K_PLP_004,PD44720K_PLP_004,fap,20,0.464285714,0.472222222,2063,162,0.982749669,2090.628825,0.958432763,167.074493,7,0,0,759.0110025,584.4897875,747.128035,0,0,0,0,0,0,0,89.75373764,36.51858217,40.80217314,0,0,0,0
PD44720k_lo0002,PD44720k,PD44720,Male,18,unknown,polyp,APC_Insfs,X470_splice,NA,G12S,NA,NA,NA,NA,4.8,NA,PD44720K_PLP_004,PD44720K_PLP_004,fap,42,0.431818182,0.4375,2137,211,0.999983547,2137.028679,0.999934781,211.0115446,12,0,0,715.773917,640.6301783,780.6245834,0,0,0,0,0,0,0,100.1381369,61.18371894,49.6896888,0,0,0,0
PD44720k_lo0010,PD44720k,PD44720,Male,18,unknown,polyp,APC_Insfs,X470_splice,NA,G12S,NA,NA,NA,NA,4.8,NA,PD44720K_PLP_004,PD44720K_PLP_004,fap,33,0.473684211,0.48,2124,156,0.999876855,2124.201569,0.999558257,156.0492572,13,0,0,696.2916896,646.696576,781.2133039,0,0,0,0,0,0,0,66.9988059,52.46935231,36.58109894,0,0,0,0
PD44721f_lo0042,PD44721f,PD44721,Male,32,descending,acf,APC_Delfs,NA,NA,NA,NA,NA,NA,NA,NA,NA,PD44721F_ACF_024,PD44721F_ACF_024,fap,28,0.444444444,0.447214854,1273,70,0.998335639,1275.085587,0.994651985,70.36024357,1,0,0,499.3442228,608.3068811,167.4344829,0,0,0,0,0,0,0,26.42383458,12.85459584,31.08181314,0,0,0,0
PD44721f_lo0043,PD44721f,PD44721,Male,32,descending,acf,APC_Delfs,NA,NA,NA,NA,NA,NA,NA,NA,NA,PD44721F_ACF_024,PD44721F_ACF-BC_024,fap,25,0.461538462,0.461538462,1150,80,0.996762618,1150.109069,0.989606688,80.00164089,1,0,0,372.8308067,602.4247451,174.853517,0,0,0,0,0,0,0,25.7114296,15.72013588,38.57007541,0,0,0,0
PD44721f_lo0044,PD44721f,PD44721,Male,32,descending,acf,APC_Delfs,NA,NA,NA,NA,NA,NA,NA,NA,NA,PD44721F_ACF_024,PD44721F_ACF-BC_024,fap,33,0.454545455,0.469987995,1137,72,0.999792077,1137.02496,0.999424313,72.00058313,1,0,0,375.8630499,584.2430711,176.9188389,0,0,0,0,0,0,0,23.13999943,14.14794668,34.71263702,0,0,0,0
PD44721f_lo0045,PD44721f,PD44721,Male,32,descending,acf,APC_Delfs,NA,NA,NA,NA,NA,NA,NA,NA,NA,PD44721F_ACF_024,PD44721F_ACF-BC_024,fap,28,0.384615385,0.384920635,1137,80,0.994179533,1137.118979,0.982537013,80.00164089,1,0,0,368.7112176,595.0639943,173.3437672,0,0,0,0,0,0,0,25.7114296,15.72013588,38.57007541,0,0,0,0
PD44721f_lo0050,PD44721f,PD44721,Male,32,descending,acf,APC_Delfs,Q1113*,NA,NA,NA,NA,NA,NA,NA,NA,PD44721F_ACF_007_1,PD44721F_ACF_007_1,fap,43,0.476190476,0.461538462,2358,194,0.99999815,2358.004363,0.999982299,194.0033102,5,0,0,854.3317873,849.8244357,653.8481399,0,0,0,0,0,0,0,98.96665575,52.7916586,42.24499588,0,0,0,0
PD44721f_lo0051,PD44721f,PD44721,Male,32,descending,acf,APC_Delfs,NA,NA,NA,NA,NA,NA,NA,NA,NA,PD44721F_ACF_007_2,PD44721F_ACF-BC_007_2,fap,29,0.470588235,0.454545455,1177,84,0.999389035,1177.037298,0.996755577,84.00978083,1,0,1,450.5851919,579.7972468,146.6548596,0,0,0,0,0,0,0,36.45948053,16.6350281,30.9152722,0,0,0,0
PD44721f_lo0052,PD44721f,PD44721,Male,32,descending,acf,APC_Delfs,NA,NA,NA,NA,NA,NA,NA,NA,NA,PD44721F_ACF_007_2,PD44721F_ACF-BC_007_2,fap,40,0.467375887,0.457142857,1195,87,0.99998988,1195.000806,0.999931053,87.00042959,2,0,1,456.9487083,595.4684657,142.5836322,0,0,0,0,0,0,0,37.75739488,17.22721541,32.0158193,0,0,0,0
PD44721f_lo0053,PD44721f,PD44721,Male,32,descending,acf,APC_Delfs,NA,NA,NA,NA,NA,NA,NA,NA,NA,PD44721F_ACF_007_2,PD44721F_ACF_007_2,fap,45,0.435897436,0.448275862,1239,70,0.999995791,1239.005013,0.99998594,70.0008436,4,0,0,476.2664405,630.3869448,132.3516281,0,0,0,0,0,0,0,26.57875484,11.92872729,31.49336148,0,0,0,0
PD44721i_lo0001,PD44721i,PD44721,Male,32,rectum,polyp,APC_Delfs,K693Rfs*12,NA,NA,NA,NA,NA,NA,1.6,NA,PD44721I_PLP_002_1,PD44721I_PLP_002_1,fap,34,0.444444444,0.458543289,3049,299,0.99980859,3049.377917,0.999454265,299.1037471,11,1,0,1227.055716,1109.548335,712.7738666,0,0,0,0,0,0,0,167.6985198,50.23449493,81.17073232,0,0,0,0
PD44721i_lo0002,PD44721i,PD44721,Male,32,rectum,polyp,APC_Delfs,K693Rfs*12,NA,NA,NA,NA,NA,NA,1.6,NA,PD44721I_PLP_002_1,PD44721I_PLP_002_1,fap,39,0.466666667,0.469387755,3046,291,0.999985844,3046.027902,0.999936511,291.0115566,11,0,0,1262.134091,1177.003069,606.8907415,0,0,0,0,0,0,0,153.3202747,74.32810124,63.36318061,0,0,0,0
PD44721i_lo0003,PD44721i,PD44721,Male,32,rectum,polyp,APC_Delfs,K693Rfs*12,NA,NA,NA,NA,NA,NA,1.6,NA,PD44721I_PLP_002_1,PD44721I_PLP_002_1,fap,37,0.457142857,0.470588235,2768,274,0.999955503,2768.067639,0.999864079,274.0199838,9,0,0,1109.464372,1046.9194,611.6838668,0,0,0,0,0,0,0,150.2529645,62.09836334,61.6686559,0,0,0,0
PD44721i_lo0004,PD44721i,PD44721,Male,32,rectum,polyp,APC_Delfs,K693Rfs*12,NA,NA,NA,NA,NA,NA,1.6,NA,PD44721I_PLP_002_1,PD44721I_PLP_002_1,fap,38,0.451612903,0.466666667,3069,298,0.999964723,3069.064243,0.999896316,298.0177324,9,2,1,1206.734542,1005.352686,856.9770148,0,0,0,0,0,0,0,165.479719,66.16313151,66.37488188,0,0,0,0
PD44721i_lo0005,PD44721i,PD44721,Male,32,rectum,large polyp,APC_Delfs,Chr5CNNLOH,NA,G12D,NA,NA,NA,NA,20,NA,PD44721I_PLP_002_2,PD44721I_PLP_002_2,fap,42,0.447368421,0.446428571,6498,1035,0.999990279,6498.00559,0.999951743,1035.004392,33,5,2,1967.673633,1843.55973,2686.772227,0,0,0,0,0,0,0,608.834168,306.6990973,119.4711264,0,0,0,0
PD44721i_lo0011,PD44721i,PD44721,Male,32,rectum,large polyp,APC_Delfs,Chr5CNNLOH,NA,G12D,NA,NA,NA,NA,20,NA,PD44721I_PLP_002_2,PD44721I_PLP_002_2,fap,41,0.447368421,0.441176471,6546,1053,0.999986805,6546.001319,0.999920886,1053.000565,39,5,2,1995.245192,1840.886903,2709.869224,0,0,0,0,0,0,0,620.2549249,312.2312607,120.5143792,0,0,0,0
PD44721i_lo0012,PD44721i,PD44721,Male,32,rectum,large polyp,APC_Delfs,Chr5CNNLOH,NA,G12D,NA,NA,NA,NA,20,NA,PD44721I_PLP_002_2,PD44721I_PLP_002_2,fap,25,0.454545455,0.458333333,6489,1051,0.99626367,6489.15379,0.988951782,1051.044777,38,5,3,1977.341287,1826.508264,2685.304239,0,0,0,0,0,0,0,619.2107676,311.5690209,120.264988,0,0,0,0
PD44721i_lo0021,PD44721i,PD44721,Male,32,rectum,large polyp,APC_Delfs,Chr5CNNLOH,NA,G12D,NA,NA,NA,NA,20,NA,PD44721I_PLP_002_2,PD44721I_PLP_002_2,fap,48,0.423076923,0.421052632,6474,1040,0.999997491,6474.001029,0.999985474,1040.000741,32,5,5,1958.290981,1870.70584,2645.004208,0,0,0,0,0,0,0,619.0549968,296.6608748,124.2848697,0,0,0,0
PD44721i_lo0022,PD44721i,PD44721,Male,32,rectum,large polyp,APC_Delfs,Chr5CNNLOH,NA,G12D,NA,NA,NA,NA,20,NA,PD44721I_PLP_002_2,PD44721I_PLP_002_2,fap,42,0.431818182,0.426229508,6207,1000,0.99998426,6207.002251,0.999908267,1000.00101,28,5,4,1880.876325,1785.947312,2540.178614,0,0,0,0,0,0,0,594.9485348,290.2334935,114.8189813,0,0,0,0
PD44721l_lo0009,PD44721l,PD44721,Male,32,unknown,acf,APC_Delfs,NA,NA,NA,NA,NA,NA,NA,NA,PD44721L_PLP_005,PD44721L_ACF_005,PD44721L_PLP-ACF_005,fap,46,0.448979592,0.443309859,1258,78,0.999998273,1258.002155,0.99998815,78.00082951,5,0,0,429.9390591,670.0998762,157.9632197,0,0,0,0,0,0,0,29.97400076,9.989056862,38.03777189,0,0,0,0
PD44721l_lo0010,PD44721l,PD44721,Male,32,unknown,polyp,APC_Delfs,R498Dfs*8,NA,NA,NA,NA,NA,NA,4.2,NA,PD44721L_PLP_005,PD44721L_PLP_005,fap,20,0.485714286,0.485071301,3573,492,0.987161199,3577.369942,0.96440218,492.8858832,17,0,1,1371.786544,1054.039615,1044.537397,0,0,0,107.0063858,0,0,0,266.4593046,134.8949766,67.0996761,0,0,0,24.43192588
PD44721l_lo0011,PD44721l,PD44721,Male,32,unknown,polyp,APC_Delfs,R498Dfs*8,NA,NA,NA,NA,NA,NA,4.2,NA,PD44721L_PLP_005,PD44721L_PLP_005,fap,42,0.488372093,0.488372093,3515,511,0.999998045,3515.000426,0.999989151,511.0003689,17,0,1,1354.313876,1040.646683,1013.033481,0,0,0,107.0063858,0,0,0,276.9145881,132.7988005,76.85505436,0,0,0,24.43192588
PD44721l_lo0012,PD44721l,PD44721,Male,32,unknown,polyp,APC_Delfs,R498Dfs*8,NA,NA,NA,NA,NA,NA,4.2,NA,PD44721L_PLP_005,PD44721L_PLP_005,fap,43,0.490909091,0.487492183,3617,514,0.999999014,3617.000316,0.999993445,514.0002425,18,0,1,1370.822961,1093.900148,1045.270821,0,0,0,107.0063858,0,0,0,272.7005348,137.7361142,79.13166769,0,0,0,24.43192588
PD44721l_lo0014,PD44721l,PD44721,Male,32,unknown,polyp,APC_Delfs,R498Dfs*8,NA,NA,NA,NA,NA,NA,4.2,NA,PD44721L_PLP_005,PD44721L_PLP_005,fap,40,0.489361702,0.490180978,3735,510,0.999995655,3735.001914,0.999977535,510.0015058,16,0,1,1324.126913,1190.542865,1113.325749,0,0,0,107.0063858,0,0,0,289.6547914,132.4096889,63.50509964,0,0,0,24.43192588
PD44721l_lo0015,PD44721l,PD44721,Male,32,unknown,polyp,APC_Delfs,R498Dfs*8,NA,NA,NA,NA,NA,NA,4.2,NA,PD44721L_PLP_005,PD44721L_PLP_005,fap,18,0.47826087,0.485281385,3715,483,0.972035034,3725.759997,0.935345056,484.7975434,12,0,1,1344.981242,1153.596191,1120.176178,0,0,0,107.0063858,0,0,0,277.5161319,129.7337777,53.11570795,0,0,0,24.43192588
PD44721l_lo0017,PD44721l,PD44721,Male,32,unknown,polyp,APC_Delfs,R498Dfs*8,NA,NA,NA,NA,NA,NA,4.2,NA,PD44721L_PLP_005,PD44721L_PLP_005,fap,18,0.5,0.5,3632,484,0.979060273,3641.837031,0.945710387,489.3453865,19,0,1,1401.996671,1171.452069,961.3819058,0,0,0,107.0063858,0,0,0,257.5228441,155.0502807,52.34033588,0,0,0,24.43192588
PD44721l_lo0018,PD44721l,PD44721,Male,32,unknown,polyp,APC_Delfs,R498Dfs*8,NA,NA,NA,NA,NA,NA,4.2,NA,PD44721L_PLP_005,PD44721L_PLP_005,fap,12,0.526315789,0.509433962,3577,453,0.874627931,3608.344482,0.729140781,458.7642928,16,0,1,1397.367242,1169.678014,934.2928401,0,0,0,107.0063858,0,0,0,244.4620324,136.1515044,53.71883009,0,0,0,24.43192588
PD44721n_lo0001,PD44721n,PD44721,Male,32,unknown,acf,APC_Delfs,NA,NA,NA,NA,NA,NA,NA,NA,PD44721N_PLP_006,PD44721N_ACF_006,PD44721N_PLP-ACF_006,fap,29,0.461538462,0.45972973,1361,89,0.999228971,1362.033204,0.997063969,89.2296849,3,0,0,523.0905785,653.0898028,185.8528227,0,0,0,0,0,0,0,34.16667741,7.854598553,47.20840894,0,0,0,0
PD44721n_lo0002,PD44721n,PD44721,Male,32,unknown,acf,APC_Delfs,NA,NA,NA,NA,NA,NA,NA,NA,PD44721N_PLP_006,PD44721N_ACF_006,PD44721N_PLP-ACF_006,fap,45,0.444444444,0.446428571,1373,87,0.999996796,1373.004329,0.999984302,87.00119317,2,0,0,520.3342241,643.5336424,209.1364621,0,0,0,0,0,0,0,40.67683863,10.9499053,35.37444924,0,0,0,0
PD44721n_lo0003,PD44721n,PD44721,Male,32,unknown,polyp,APC_Delfs,Chr5CNNLOH,NA,NA,NA,NA,NA,NA,3.1,NA,PD44721N_PLP_006,PD44721N_PLP_006,fap,40,0.5,0.5,3284,336,0.999996952,3284.002862,0.999983628,336.0014735,10,1,1,1260.050238,1000.123658,1023.828966,0,0,0,0,0,0,0,189.4081296,80.12403049,66.46931348,0,0,0,0
PD44721n_lo0005,PD44721n,PD44721,Male,32,unknown,polyp,APC_Delfs,Chr5CNNLOH,NA,NA,NA,NA,NA,NA,3.1,NA,PD44721N_PLP_006,PD44721N_PLP_006,fap,44,0.487179487,0.490196078,3000,327,0.999999054,3000.00062,0.999995245,327.0003852,11,1,0,1132.552012,998.4371644,869.0114431,0,0,0,0,0,0,0,182.1162111,77.48636041,67.39781365,0,0,0,0
PD44721n_lo0010,PD44721n,PD44721,Male,32,unknown,polyp,APC_Delfs,Chr5CNNLOH,NA,NA,NA,NA,NA,NA,3.1,NA,PD44721N_PLP_006,PD44721N_PLP_006,fap,51,0.490909091,0.490909091,3288,370,0.999999953,3288.000136,0.999999703,370.0000961,8,1,0,1335.377158,1008.158395,944.4645834,0,0,0,0,0,0,0,229.3925848,66.84204585,73.76546547,0,0,0,0
PD44721n_lo0030,PD44721n,PD44721,Male,32,unknown,normal,APC_Delfs,NA,NA,NA,NA,NA,NA,NA,NA,NA,normal,normal,fap,13,0.5,0.531015038,1088,45,0.888872607,1221.647185,0.818792582,52.96717896,3,0,0,418.6244581,611.1042929,191.9184342,0,0,0,0,0,0,0,20.11903544,5.751348715,27.0967948,0,0,0,0
PD44721n_lo0031,PD44721n,PD44721,Male,32,unknown,normal,APC_Delfs,NA,NA,NA,NA,NA,NA,NA,NA,NA,normal,normal,fap,16,0.466666667,0.553639847,1094,46,0.939692147,1162.029008,0.940261312,48.22369466,0,0,0,390.7638241,632.3445689,138.9206152,0,0,0,0,0,0,0,16.62944185,6.274682883,25.31956994,0,0,0,0
PD44721n_lo0032,PD44721n,PD44721,Male,32,unknown,normal,APC_Delfs,NA,NA,NA,NA,NA,NA,NA,NA,NA,normal,normal,fap,19,0.4375,0.421052632,1237,86,0.965684912,1254.749686,0.9001893,89.36347209,1,0,0,488.2738148,554.9054978,211.5703734,0,0,0,0,0,0,0,43.93256807,9.680475744,35.75042827,0,0,0,0
PD44721n_lo0033,PD44721n,PD44721,Male,32,unknown,normal,APC_Delfs,NA,NA,NA,NA,NA,NA,NA,NA,NA,normal,normal,fap,20,0.45,0.49137931,1236,79,0.978677817,1247.060249,0.96715104,79.89524845,1,0,0,484.2608013,586.6083139,176.1911336,0,0,0,0,0,0,0,39.27783197,8.654811598,31.96260488,0,0,0,0
PD44721n_lo0034,PD44721n,PD44721,Male,32,unknown,normal,APC_Delfs,NA,NA,NA,NA,NA,NA,NA,NA,NA,normal,normal,fap,40,0.315789474,0.348611111,1339,87,0.998589873,1340.10869,0.99810841,87.07398877,1,0,0,463.4675696,678.8994465,197.7416739,0,0,0,0,0,0,0,36.0716516,2.529858514,48.47247865,0,0,0,0
PD44721n_lo0035,PD44721n,PD44721,Male,32,unknown,normal,APC_Delfs,NA,NA,NA,NA,NA,NA,NA,NA,NA,normal,normal,fap,35,0.421052632,0.416521739,1297,97,0.999751934,1297.184536,0.998870298,97.05549496,1,0,0,441.9865144,635.9936707,219.2043507,0,0,0,0,0,0,0,41.94045416,8.998731739,46.11630907,0,0,0,0
PD44721n_lo0036,PD44721n,PD44721,Male,32,unknown,normal,APC_Delfs,NA,NA,NA,NA,NA,NA,NA,NA,NA,normal,normal,fap,32,0.448275862,0.454545455,1392,80,0.99964783,1392.483856,0.99881496,80.08423768,3,0,0,517.9168737,661.7725951,212.7943875,0,0,0,0,0,0,0,26.40916518,8.210866949,45.46420555,0,0,0,0
PD44892b_lo0003,PD44892b,PD44892,Male,17,unknown,normal,APC_Delfs,NA,NA,NA,NA,NA,NA,NA,NA,NA,normal,normal,fap,46,0.37704918,0.424242424,1149,107,0.999968648,1149.036025,0.999973935,107.0027891,0,0,0,277.7262097,527.6941076,139.0563873,0,0,204.5593202,0,0,0,0,13.73728556,0,46.24684779,47.01865573,0,0,0
PD44892b_lo0005,PD44892b,PD44892,Male,17,unknown,normal,APC_Delfs,NA,NA,NA,NA,NA,NA,NA,NA,NA,normal,normal,fap,47,0.473684211,0.471698113,1063,119,0.999999554,1063.000474,0.999997183,119.0003296,2,0,0,299.4284492,484.6596315,71.37630113,0,0,207.5360925,0,0,0,0,18.32501295,8.066124226,37.28129953,55.32789292,0,0,0
PD44892b_lo0009,PD44892b,PD44892,Male,17,unknown,normal,APC_Delfs,NA,NA,NA,NA,NA,NA,NA,NA,NA,normal,normal,fap,52,0.433962264,0.440677966,1155,135,0.999999627,1155.00043,0.999998377,135.0002159,0,0,0,316.8857507,598.4982828,0,0,0,239.6163967,0,0,0,0,14.64765816,9.070657223,66.47716581,44.80473472,0,0,0
PD44893b_lo0001,PD44893b,PD44893,Female,37,unknown,normal,APC_Nonsense,NA,NA,NA,NA,NA,NA,NA,NA,NA,normal,normal,fap,34,0.433333333,0.43902439,1905,107,0.999740008,1905.490472,0.999102172,107.0925595,4,1,0,776.0996967,848.5793477,280.8114276,0,0,0,0,0,0,0,36.77832481,14.40306722,55.91116745,0,0,0,0
PD44893b_lo0005,PD44893b,PD44893,Female,37,unknown,normal,APC_Nonsense,NA,NA,NA,NA,NA,NA,NA,NA,NA,normal,normal,fap,43,0.457142857,0.466666667,1789,100,0.999995617,1789.007758,0.999983728,100.0015622,1,0,0,709.1185583,748.0365689,331.8526305,0,0,0,0,0,0,0,29.55140428,18.31969836,46.39787217,5.732587373,0,0,0
PD44893b_lo0007,PD44893b,PD44893,Female,37,unknown,normal,APC_Nonsense,NA,NA,NA,NA,NA,NA,NA,NA,NA,normal,normal,fap,41,0.408163265,0.39668856,1869,116,0.999946705,1869.099614,0.999662983,116.0391072,0,0,0,745.4075152,894.4709061,229.2211926,0,0,0,0,0,0,0,35.31153228,15.56222035,65.16535454,0,0,0,0
PD44894b_lo0001,PD44894b,PD44894,Female,36,unknown,normal,APC_Nonsense,NA,NA,NA,NA,NA,NA,NA,NA,NA,normal,normal,fap,37,0.411764706,0.430769231,2495,193,0.99982607,2495.43403,0.999581623,193.0807805,3,0,0,784.9823478,1117.448104,236.2827574,0,0,356.7208211,0,0,0,0,32.38134818,18.07088934,66.27803003,76.35051292,0,0,0
PD44894b_lo0002,PD44894b,PD44894,Female,36,unknown,normal,APC_Nonsense,NA,NA,NA,NA,NA,NA,NA,NA,NA,normal,normal,fap,20,0.333333333,0.361063465,2406,132,0.899011482,2674.421194,0.846078936,155.6607542,3,0,0,1030.075126,979.7329572,326.5899671,0,0,338.0231435,0,0,0,0,21.13555561,11.31939766,64.301157,58.90464389,0,0,0
PD44894b_lo0005,PD44894b,PD44894,Female,36,unknown,normal,APC_Nonsense,NA,NA,NA,NA,NA,NA,NA,NA,NA,normal,normal,fap,25,0.333333333,0.388888889,2280,196,0.966316675,2358.940411,0.965144595,203.0169387,2,0,1,647.4209941,1025.716014,213.8355765,0,0,471.967827,0,0,0,0,20.37199072,12.50190743,52.79220524,117.3508353,0,0,0
PD44895b_lo0002,PD44895b,PD44895,Male,36,unknown,normal,APC_Nonsense,NA,NA,NA,NA,NA,NA,NA,NA,NA,normal,normal,fap,29,0.47826087,0.487179487,1842,113,0.999470517,1842.96152,0.99835614,113.1794764,1,0,0,826.2173135,751.3036718,265.4405351,0,0,0,0,0,0,0,40.38825222,19.87898114,52.91224308,0,0,0,0
PD44895b_lo0011,PD44895b,PD44895,Male,36,unknown,normal,APC_Nonsense,NA,NA,NA,NA,NA,NA,NA,NA,NA,normal,normal,fap,34,0.457142857,0.472727273,1794,101,0.999863539,1794.244844,0.999620044,101.0383901,3,0,0,804.3230571,783.7848976,206.1368891,0,0,0,0,0,0,0,39.34685862,20.136958,41.55457348,0,0,0,0
PD44895b_lo0012,PD44895b,PD44895,Male,36,unknown,normal,APC_Nonsense,NA,NA,NA,NA,NA,NA,NA,NA,NA,normal,normal,fap,41,0.447368421,0.431595365,1973,114,0.99998697,1973.025357,0.999893602,114.0117057,1,0,0,911.7508844,816.8396473,244.4348254,0,0,0,0,0,0,0,41.86582635,20.99939768,51.14648166,0,0,0,0
PD44896b_lo0003,PD44896b,PD44896,Male,40,unknown,normal,APC_Nonsense,NA,NA,NA,NA,NA,NA,NA,NA,NA,normal,normal,fap,37,0.416666667,0.42078853,2430,159,0.999850365,2430.360374,0.999445905,159.0875955,1,0,0,915.6314009,1303.312884,211.4160892,0,0,0,0,0,0,0,45.65604457,20.09790948,76.07504689,17.2585946,0,0,0
PD44896b_lo0005,PD44896b,PD44896,Male,40,unknown,normal,APC_Nonsense,NA,NA,NA,NA,NA,NA,NA,NA,NA,normal,normal,fap,45,0.441860465,0.456331045,2094,148,0.999996204,2094.007948,0.999988308,148.0017305,1,0,1,572.3099044,1185.350884,178.6419673,0,0,157.7051924,0,0,0,0,26.57564611,0,88.31340529,33.11267909,0,0,0
PD44896b_lo0007,PD44896b,PD44896,Male,40,unknown,normal,APC_Nonsense,NA,NA,NA,NA,NA,NA,NA,NA,NA,normal,normal,fap,43,0.418604651,0.442465322,1914,134,0.999982293,1914.033503,0.999962549,134.0049812,0,0,0,440.2373026,1161.322509,134.3073078,0,0,178.1663834,0,0,0,0,16.92697374,11.84336648,70.36644032,34.86820064,0,0,0
PD44897b_lo0001,PD44897b,PD44897,Male,37,unknown,normal,APC_Delfs,R213*,NA,NA,NA,NA,NA,NA,NA,NA,normal,normal,fap,52,0.436363636,0.428571429,2229,109,0.999999665,2229.000746,0.999997238,109.0003011,2,0,0,813.8440439,1077.709944,337.4467575,0,0,0,0,0,0,0,24.23522884,10.44591604,74.3191562,0,0,0,0
PD44897b_lo0002,PD44897b,PD44897,Male,37,unknown,normal,APC_Delfs,NA,NA,NA,NA,NA,NA,NA,NA,NA,normal,normal,fap,43,0.432432432,0.425531915,2283,93,0.999989072,2283.024949,0.999932573,93.00627115,0,0,0,846.6666369,1119.389166,316.9691461,0,0,0,0,0,0,0,20.34351218,22.32711129,50.33564768,0,0,0,0
PD44897b_lo0010,PD44897b,PD44897,Male,37,unknown,normal,APC_Delfs,NA,NA,NA,NA,NA,NA,NA,NA,NA,normal,normal,fap,40,0.463414634,0.485294118,2133,99,0.99998849,2133.024551,0.999971969,99.00277513,2,0,0,789.4476101,1011.209606,332.3673344,0,0,0,0,0,0,0,24.30794888,20.26257303,54.43225322,0,0,0,0
PD44898b_lo0001,PD44898b,PD44898,Female,24,unknown,normal,APC_Delfs,NA,NA,NA,NA,NA,NA,NA,NA,NA,normal,normal,fap,43,0.391304348,0.388792805,1427,64,0.999952846,1427.067291,0.999769695,64.01474292,1,0,0,558.9459869,728.1990576,139.922247,0,0,0,0,0,0,0,16.57942464,12.35493745,31.1549542,3.925426624,0,0,0
PD44898b_lo0003,PD44898b,PD44898,Female,24,unknown,normal,APC_Delfs,NA,NA,NA,NA,NA,NA,NA,NA,NA,normal,normal,fap,44,0.44,0.406288381,1443,71,0.999994181,1443.008396,0.999905107,71.00673803,0,0,0,632.7151996,664.8982894,145.3949074,0,0,0,0,0,0,0,16.21666849,10.63784553,37.50707225,6.645151769,0,0,0
PD44898b_lo0008,PD44898b,PD44898,Female,24,unknown,normal,APC_Delfs,NA,NA,NA,NA,NA,NA,NA,NA,NA,normal,normal,fap,41,0.434782609,0.428571429,1641,97,0.999979944,1641.032912,0.999883079,97.01134268,1,0,0,675.1673307,804.8274357,161.0381461,0,0,0,0,0,0,0,27.30519557,19.12658606,50.57956105,0,0,0,0
PD44899b_lo0003,PD44899b,PD44899,Male,28,unknown,normal,APC_ESS,NA,NA,NA,NA,NA,NA,NA,NA,NA,normal,normal,fap,15,0.454545455,0.470588235,1675,45,0.908306609,1843.614061,0.832317807,53.88668153,0,0,0,746.0616599,786.8623455,310.690056,0,0,0,0,0,0,0,21.79795517,4.08965117,27.99907519,0,0,0,0
PD44899b_lo0004,PD44899b,PD44899,Male,28,unknown,normal,APC_ESS,NA,NA,NA,NA,NA,NA,NA,NA,NA,normal,normal,fap,16,0.466666667,0.470588235,1835,47,0.93957259,1952.72197,0.870143764,53.88708681,0,0,0,818.6061798,781.8106696,352.3051204,0,0,0,0,0,0,0,21.3530772,6.943414485,25.59059513,0,0,0,0
PD44899b_lo0005,PD44899b,PD44899,Male,28,unknown,normal,APC_ESS,NA,NA,NA,NA,NA,NA,NA,NA,NA,normal,normal,fap,38,0.463414634,0.468085106,1719,87,0.999975309,1719.042445,0.999899398,87.00875326,1,0,0,658.8491622,743.8126494,316.3806332,0,0,0,0,0,0,0,28.70764026,13.07200831,45.2291047,0,0,0,0
PD44900b_lo0001,PD44900b,PD44900,Female,21,unknown,normal,APC_Nonsense,NA,NA,NA,NA,NA,NA,NA,NA,NA,normal,normal,fap,40,0.382978723,0.37254902,1899,91,0.999837428,1899.305688,0.99907921,91.07835306,0,0,0,753.2078223,879.8134573,266.284408,0,0,0,0,0,0,0,28.28232477,13.08728023,49.70874805,0,0,0,0
PD44900b_lo0005,PD44900b,PD44900,Female,21,unknown,normal,APC_Nonsense,NA,NA,NA,NA,NA,NA,NA,NA,NA,normal,normal,fap,39,0.463414634,0.47826087,1308,71,0.999982504,1308.022885,0.99994734,71.00373903,0,0,0,540.0680749,652.2075023,115.7473082,0,0,0,0,0,0,0,23.32857451,11.57172148,36.10344304,0,0,0,0
PD44900b_lo0009,PD44900b,PD44900,Female,21,unknown,normal,APC_Nonsense,NA,NA,NA,NA,NA,NA,NA,NA,NA,normal,normal,fap,29,0.461538462,0.467375887,1221,68,0.999229403,1221.926974,0.997508527,68.15487094,0,0,0,428.4637891,652.5753633,140.8878218,0,0,0,0,0,0,0,22.047365,15.19498855,30.91251739,0,0,0,0
PD44901b_lo0004,PD44901b,PD44901,Male,27,unknown,normal,APC_Nonsense,NA,NA,NA,NA,NA,NA,NA,NA,NA,normal,normal,fap,31,0.355197133,0.361702128,1614,91,0.995154708,1621.819431,0.986980558,92.17402276,0,0,0,763.4853933,693.4871027,164.846935,0,0,0,0,0,0,0,37.07874317,14.24711664,40.84816296,0,0,0,0
PD44901b_lo0007,PD44901b,PD44901,Male,27,unknown,normal,APC_Nonsense,NA,NA,NA,NA,NA,NA,NA,NA,NA,normal,normal,fap,37,0.424242424,0.445702671,1291,78,0.999875052,1291.160334,0.999714858,78.02168436,0,0,0,547.0805685,594.1150984,149.9646667,0,0,0,0,0,0,0,28.01933659,14.00135215,36.00099562,0,0,0,0
PD44901b_lo0011,PD44901b,PD44901,Male,27,unknown,normal,APC_Nonsense,NA,NA,NA,NA,NA,NA,NA,NA,NA,normal,normal,fap,27,0.411764706,0.416666667,1188,67,0.995533346,1193.330193,0.987326749,67.86000688,0,0,0,457.5698381,635.1407481,100.6196071,0,0,0,0,0,0,0,20.4266877,7.163354471,40.26996471,0,0,0,0
PD44902b_lo0001,PD44902b,PD44902,Female,19,unknown,normal,APC_Nonsense,NA,NA,NA,NA,NA,NA,NA,NA,NA,normal,normal,fap,31,0.416666667,0.441176471,1112,127,0.998870168,1113.257794,0.99769813,127.2930119,4,0,0,270.8618549,581.4443284,100.0350434,0,0,160.9165674,0,0,0,0,11.17155304,7.478637541,41.50365329,67.13916806,0,0,0
PD44902b_lo0008,PD44902b,PD44902,Female,19,unknown,normal,APC_Nonsense,NA,NA,NA,NA,NA,NA,NA,NA,NA,normal,normal,fap,24,0.44,0.451612903,1046,78,0.993202012,1053.159365,0.983252205,79.32857875,0,0,0,310.1529393,470.9895083,157.1894254,0,0,114.8274916,0,0,0,0,23.24472547,11.18167528,21.13306598,23.76911202,0,0,0
PD44902b_lo0009,PD44902b,PD44902,Female,19,unknown,normal,APC_Nonsense,NA,NA,NA,NA,NA,NA,NA,NA,NA,normal,normal,fap,28,0.333333333,0.387096774,1783,93,0.98333711,1813.213376,0.983265666,94.58277984,0,0,0,491.9378952,522.6116329,231.6978314,0,0,157.4810228,0,409.4849934,0,0,16.44917041,7.296252866,35.3783228,35.45903376,0,0,0